"","Date","sales","units","users","orders","mean.sales","mean.units","mean.users","mean.orders","variation.sales","growth.sales","growth.units","growth.users","growth.orders"
"1",2017-05-01,5.74,5,23,5,4.21099366624442,2.82283878274978,16.8108272914041,2.66968942175048,1.33657516212108,NA,NA,NA,NA
"2",2017-05-02,2.27,2,30,2,4.33331417294486,2.9970116801298,17.3059611080918,2.85611426801044,0.539065166066731,NA,NA,NA,NA
"3",2017-05-03,7.14,5,20,5,4.16824903910927,2.91725074571942,18.3214842194444,2.78762512656961,1.64769959320714,NA,NA,NA,NA
"4",2017-05-04,1.43,1,25,1,4.40598911598053,3.08387068606186,18.4557654818889,2.96461511644404,0.343069712625803,NA,NA,NA,NA
"5",2017-05-05,4.53,3,9,3,4.16790998670209,2.91716103117691,18.9793042433378,2.80744590712851,1.02814598056307,NA,NA,NA,NA
"6",2017-05-06,11.6,6,21,6,4.19687718776592,2.92378814868276,18.1809599038708,2.82285023455823,2.78316951110037,NA,NA,NA,NA
"7",2017-05-07,9.3,6,27,6,4.78912701274465,3.16988509678814,18.4064831115611,3.07702221579357,2.21593331992413,NA,NA,NA,NA
"8",2017-05-08,4.98,4,22,4,5.14999685172508,3.39629428904509,19.0939644626362,3.31086043853009,1.03985548655264,NA,NA,NA,NA
"9",2017-05-09,7.26,5,20,5,5.13639710358707,3.44459074592148,19.3264473056253,3.36599160344768,1.40970959964143,NA,NA,NA,NA
"10",2017-05-10,1.55,1,15,1,5.30628533530011,3.56902348624776,19.3803315211753,3.49671227517187,0.301767945262164,NA,NA,NA,NA
"11",2017-05-11,0,0,9,0,5.0057825084761,3.36350160734794,19.0299049994813,3.29697529315812,0,NA,NA,NA,NA
"12",2017-05-12,2.68,2,18,2,4.60531990779801,3.09442147876011,18.2275125995228,3.03321726970547,0.535380831161174,NA,NA,NA,NA
"13",2017-05-13,2.96,2,13,2,4.45129431517417,3.0068677604593,18.2093115915609,2.95055988812903,0.64273493682555,NA,NA,NA,NA
"14",2017-05-14,0,0,17,0,4.33199076996024,2.92631833962256,17.7925666642361,2.87451509707871,0,NA,NA,NA,NA
"15",2017-05-15,3.75,3,16,3,3.98543150836342,2.69221287245275,17.7291613310972,2.64455388931241,0.865652813945036,NA,NA,NA,NA
"16",2017-05-16,5.36,5,16,5,3.96659698769434,2.71683584265653,17.5908284246094,2.67298957816742,1.34489828485374,NA,NA,NA,NA
"17",2017-05-17,3.54,2,18,2,4.0780692286788,2.89948897524401,17.4635621506407,2.85915041191403,0.892452651726963,NA,NA,NA,NA
"18",2017-05-18,20.97,4,8,4,4.03502369038449,2.82752985722449,17.5064771785894,2.7904183789609,5.1421392880066,NA,NA,NA,NA
"19",2017-05-19,1.41,1,14,1,5.38982179515373,2.92132746864653,16.7459590043023,2.88718490864403,0.349440327540095,NA,NA,NA,NA
"20",2017-05-20,1.41,1,17,1,5.07143605154143,2.76762127115481,16.5262822839581,2.73621011595251,0.261604196500115,NA,NA,NA,NA
"21",2017-05-21,4.24,3,16,2,4.77852116741812,2.62621156946242,16.5641797012414,2.59731330667631,0.83605510488716,NA,NA,NA,NA
"22",2017-05-22,5.68,5,27,5,4.73543947402467,2.65611464390543,16.5190453251421,2.5495282421422,1.18865226311616,NA,NA,NA,NA
"23",2017-05-23,3.78,3,19,2,4.8110043161027,2.84362547239299,17.3575216991308,2.74556598277083,0.79823636660007,NA,NA,NA,NA
"24",2017-05-24,14.95,11,26,8,4.72852397081448,2.85613543460156,17.4889199632003,2.68592070414916,3.10745927829695,NA,NA,NA,NA
"25",2017-05-25,5.62,3,18,3,5.54624205314932,3.50764459983343,18.1698063661443,3.11104704781723,1.18853156602101,NA,NA,NA,NA
"26",2017-05-26,4.89,3,13,3,5.55214268889738,3.46703303184676,18.1562218568527,3.10216328399185,0.881678071952037,NA,NA,NA,NA
"27",2017-05-27,5.6,4,16,4,5.49917127378559,3.42967038929902,17.7437241083045,3.0939902212725,1.00861961116351,NA,NA,NA,NA
"28",2017-05-28,7.69,5,18,5,5.50723757188274,3.4752967581551,17.6042261796402,3.1664710035707,1.39839252446237,NA,NA,NA,NA
"29",2017-05-29,4.32,3,26,3,5.68185856613212,3.59727301750269,17.6358880852689,3.31315332328505,0.784422306757893,NA,NA,NA,NA
"30",2017-05-30,4.33,4,23,4,5.57290988084155,3.54949117610247,18.3050170384474,3.28810105742224,0.762074583448777,NA,NA,NA,NA
"31",2017-05-31,3.49,2,20,2,5.47347709037423,3.58553188201427,18.6806156753716,3.34505297282846,0.626243753195769,NA,NA,NA,NA
"32",2017-06-01,9.75,6,25,6,5.31479892314429,3.45868933145313,18.7861664213419,3.23744873500219,1.78131740372981,NA,NA,NA,NA
"33",2017-06-02,3.63,3,25,3,5.66961500929275,3.66199418493688,19.2832731076346,3.45845283620201,0.682998557893222,NA,NA,NA,NA
"34",2017-06-03,4.93,3,16,3,5.50644580854933,3.60903465014193,19.7406112590238,3.42177660930585,0.86954757808414,NA,NA,NA,NA
"35",2017-06-04,4.93,3,18,3,5.46033014386538,3.56031187813058,19.4413623583019,3.38803448056138,0.89531435909996,NA,NA,NA,NA
"36",2017-06-05,3.63,3,20,3,5.41790373235615,3.51548692788013,19.3260533696377,3.35699172211647,0.664794967402889,NA,NA,NA,NA
"37",2017-06-06,14.09,11,34,11,5.27487143376766,3.47424797364972,19.3799691000667,3.32843238434716,2.6006368322592,NA,NA,NA,NA
"38",2017-06-07,8.4,5,18,5,5.98008171906625,4.07630813575774,20.5495715720614,3.94215779359938,1.59245587413306,NA,NA,NA,NA
"39",2017-06-08,10.47,5,19,4,6.17367518154095,4.15020348489713,20.3456058462965,4.02678517011143,1.75081219485991,NA,NA,NA,NA
"40",2017-06-09,6.31,4,18,4,6.51738116701767,4.21818720610536,20.2379573785928,4.02464235650252,1.02208163119217,NA,NA,NA,NA
"41",2017-06-10,2.8,2,15,2,6.50079067365626,4.20073222961693,20.0589207883053,4.02267096798232,0.429620414741105,NA,NA,NA,NA
"42",2017-06-11,23.79,5,19,3,6.20472741976376,4.02467365124757,19.6542071252409,3.86085729054373,3.65955484406018,NA,NA,NA,NA
"43",2017-06-12,18.32,13,22,13,7.61154922618266,4.10269975914777,19.6018705552216,3.79198870730023,2.95258739999533,NA,NA,NA,NA
"44",2017-06-13,8.17,7,26,7,8.46822528808805,4.81448377841595,19.7937209108039,4.52862961071621,1.07336887106981,NA,NA,NA,NA
"45",2017-06-14,19.35,13,36,13,8.444367265041,4.98932507614267,20.2902232379396,4.72633924185892,2.28501242488423,NA,NA,NA,NA
"46",2017-06-15,6.18,4,24,4,9.31681788383772,5.63017907005126,21.5470053789044,5.38823210251021,0.731848794116843,NA,NA,NA,NA
"47",2017-06-16,11.87,8,21,7,9.06587245313071,5.49976474444716,21.7432449485921,5.27717353430939,1.27404014417749,NA,NA,NA,NA
"48",2017-06-17,8.85,6,23,6,9.29020265688025,5.69978356489138,21.6837853527047,5.41499965156464,0.976188452435578,NA,NA,NA,NA
"49",2017-06-18,7.84,5,23,5,9.25498644432983,5.72380087970007,21.7890825244883,5.46179967943947,0.843899782336154,NA,NA,NA,NA
"50",2017-06-19,3.67,3,20,3,9.14178752878344,5.66589680932407,21.8859559225293,5.42485570508431,0.396542990319393,NA,NA,NA,NA
"51",2017-06-20,7.37,6,24,6,8.70404452648077,5.45262506457814,21.7350794487269,5.23086724867757,0.806188065167248,NA,NA,NA,NA
"52",2017-06-21,5.48,4,21,4,8.59732096436231,5.49641505941189,21.9162730928288,5.29239786878336,0.629592367470997,NA,NA,NA,NA
"53",2017-06-22,1.37,1,30,1,8.34793528721332,5.37670185465894,21.8429712454025,5.18900603928069,0.159351966232148,NA,NA,NA,NA
"54",2017-06-23,4.79,3,21,3,7.78970046423626,5.02656570628623,22.4955335457703,4.85388555613824,0.573794577365367,NA,NA,NA,NA
"55",2017-06-24,2.51,2,22,2,7.54972442709736,4.86444044978333,22.3758908621087,4.70557471164718,0.322220348718645,NA,NA,NA,NA
"56",2017-06-25,5.64,4,23,4,7.14654647292957,4.63528521380066,22.34581959314,4.4891287347154,0.747047134562554,NA,NA,NA,NA
"57",2017-06-26,16.57,7,33,7,7.0260227550952,4.58446239669661,22.3981540256888,4.44999843593817,2.31860242744738,NA,NA,NA,NA
"58",2017-06-27,9.88,10,24,4,7.78954093468759,4.77770540496088,23.2463017036337,4.65399856106312,1.4062009680847,NA,NA,NA,NA
"59",2017-06-28,13.26,6,27,5,7.95677765991258,5.19548897256401,23.306597567343,4.60167867617807,1.70228260062822,NA,NA,NA,NA
"60",2017-06-29,19.52,7,22,7,8.38103544711958,5.25984985475889,23.6020697619555,4.63354438208382,2.45325442463281,NA,NA,NA,NA
"61",2017-06-30,13.94,7,31,7,9.27215261135001,5.39906186637818,23.4739041809991,4.82286083151712,1.66327896928189,NA,NA,NA,NA
"62",2017-07-01,6.69,4,22,4,9.64558040244201,5.52713691706793,24.0759918465192,4.99703196499575,0.721515302909358,NA,NA,NA,NA
"63",2017-07-02,6.7,5,25,5,9.40913397024665,5.40496596370249,23.9099124987976,4.91726940779609,0.69461864610073,NA,NA,NA,NA
"64",2017-07-03,5.65,6,26,6,9.19240325262692,5.37256868660629,23.9971194988938,4.9238878551724,0.600480343660352,NA,NA,NA,NA
"65",2017-07-04,8.97,7,31,7,8.90901099241676,5.42276319167779,24.1573499389823,5.00997682675861,0.975805755414031,NA,NA,NA,NA
"66",2017-07-05,6.94,6,31,6,8.91389011302342,5.54894213634357,24.7047619438637,5.16917868061792,0.77898657953248,NA,NA,NA,NA
"67",2017-07-06,3.34,2,27,2,8.75597890398155,5.58502676543608,25.2083809883546,5.23564438616849,0.374696115573623,NA,NA,NA,NA
"68",2017-07-07,8.02,5,27,5,8.32270059166302,5.2982246242012,25.3517105092863,4.97679283527501,0.91594555993655,NA,NA,NA,NA
"69",2017-07-08,4.48,3,22,3,8.29848454432998,5.2743666542651,25.4835736685434,4.97864940845301,0.53828681575878,NA,NA,NA,NA
"70",2017-07-09,19.15,9,38,8,7.99300578078358,5.09241732192389,25.2048877750599,4.82035745577677,2.30765025803228,NA,NA,NA,NA
"71",2017-07-10,15.86,9,28,9,8.8855653183209,5.40502393616998,26.2284967530551,5.07472885931463,1.98423477162119,NA,NA,NA,NA
"72",2017-07-11,11.67,5,29,5,9.44352009285523,5.69262202127638,26.3702170128107,5.38875055056946,1.31336606979164,NA,NA,NA,NA
"73",2017-07-12,4.38,3,25,3,9.62163848542681,5.63721225957427,26.5805996517858,5.3576505065239,0.463810100146218,NA,NA,NA,NA
"74",2017-07-13,13.9,8,30,8,9.20230740659266,5.42623527880833,26.454151679643,5.16903846600199,1.44466038929371,NA,NA,NA,NA
"75",2017-07-14,2.12,1,28,1,9.57812281406525,5.63213645650366,26.7378195452715,5.39551538872183,0.230377002889645,NA,NA,NA,NA
"76",2017-07-15,9.6,6,20,6,8.98147298894003,5.26156553998337,26.8387939816498,5.04387415762408,1.00228407866128,NA,NA,NA,NA
"77",2017-07-16,11.16,5,46,5,9.03095514982483,5.3206402967847,26.2916904631178,5.12036422501416,1.24255787594559,NA,NA,NA,NA
"78",2017-07-17,16.46,11,41,11,9.20127873783884,5.29498907304193,27.8683552260684,5.11073508701303,1.82262005811415,NA,NA,NA,NA
"79",2017-07-18,7.1,4,24,4,9.78197643881174,5.75138994719857,28.9188868079829,5.58187628005198,0.771631878817272,NA,NA,NA,NA
"80",2017-07-19,4.45,2,28,2,9.5674183237068,5.61127875142269,28.5253758633443,5.45532617764783,0.454918290576108,NA,NA,NA,NA
"81",2017-07-20,12.37,8,22,8,9.15802485781025,5.32237645130887,28.4833457942768,5.178900083436,1.29292977284674,NA,NA,NA,NA
"82",2017-07-21,7.09,4,24,4,9.41498286918543,5.53658633520416,27.9646781307346,5.40458807676112,0.774184402213478,NA,NA,NA,NA
"83",2017-07-22,4.73,2,29,2,9.2289842396506,5.41365942838783,27.6475038802759,5.29222103062023,0.502390717616806,NA,NA,NA,NA
"84",2017-07-23,8.76,5,29,5,8.86906550047855,5.1405666741168,27.7557035698538,5.02884334817061,0.949183547455234,NA,NA,NA,NA
"85",2017-07-24,10.19,5,31,5,8.86034026044026,5.12932134018746,27.8552472842655,5.02653588031696,1.14893728087251,NA,NA,NA,NA
"86",2017-07-25,10.34,5,33,5,8.96671303960504,5.11897563297246,28.1068275015243,5.02441300989161,1.16699807186482,NA,NA,NA,NA
"87",2017-07-26,6.36,3,41,3,9.07657599643664,5.10945758233467,28.4982813014023,5.02245996910028,0.709290012059998,NA,NA,NA,NA
"88",2017-07-27,17.53,5,29,5,8.85924991672171,4.94070097574789,29.4984187972901,4.86066317157226,1.93134503659553,NA,NA,NA,NA
"89",2017-07-28,8.46,6,32,6,9.55290992338397,4.94544489768806,29.4585452935069,4.87181011784648,0.954934117394281,NA,NA,NA,NA
"90",2017-07-29,15.69,7,16,6,9.46547712951326,5.02980930587302,29.6618616700264,4.96206530841876,1.64243148169894,NA,NA,NA,NA
"91",2017-07-30,8.45,5,29,4,9.9634389591522,5.18742456140318,28.5689127364243,5.04510008374526,0.892717808556421,NA,NA,NA,NA
"92",2017-07-31,28.21,22,39,16,9.84236384242002,5.17243059649092,28.6033997175103,4.96149207704564,2.83135171657643,NA,NA,NA,NA
"93",2017-08-01,22.85,19,29,9,11.3117747350264,6.51863614877165,29.4351277401095,5.84457271088199,2.32159675925796,NA,NA,NA,NA
"94",2017-08-02,9.05,6,26,6,12.2348327562243,7.51714525686992,29.4003175209007,6.09700689401143,0.800051292745167,NA,NA,NA,NA
"95",2017-08-03,3.14,1,27,1,11.9800461357264,7.39577363632032,29.1282921192287,6.08924634249052,0.256644292779774,NA,NA,NA,NA
"96",2017-08-04,6.28,4,26,4,11.2728424448683,6.8841117454147,28.9580287496904,5.68210663509127,0.524204992940058,NA,NA,NA,NA
"97",2017-08-05,8.62,4,41,4,10.8734150492788,6.65338280578152,28.7213864497152,5.54753810428397,0.76466960681457,NA,NA,NA,NA
"98",2017-08-06,56.87,23,54,22,10.6931418453365,6.441112181319,29.703675533738,5.42373505594126,5.23018754846225,NA,NA,NA,NA
"99",2017-08-07,27.83,18,56,17,14.3872904977096,7.76582320681348,31.6473814910389,6.74983625146596,2.60260271513533,NA,NA,NA,NA
"100",2017-08-08,19.46,11,34,11,15.4627072578928,8.5845573502684,33.5955909717558,7.56984935134868,1.35258268421688,NA,NA,NA,NA
"101",2017-08-09,5.55,3,32,3,15.7824906772614,8.77779276224693,33.6279436940153,7.84426140324079,0.358928091144392,NA,NA,NA,NA
"102",2017-08-10,7.92,4,24,4,14.9638914230805,8.31556934126718,33.4977081984941,7.45672049098152,0.501821934316789,NA,NA,NA,NA
"103",2017-08-11,29.58,10,27,7,14.400380109234,7.9703237939658,32.7378915426146,7.180182851703,1.9767585291601,NA,NA,NA,NA
"104",2017-08-12,5.89,3,25,3,15.6147497004953,8.13269789044854,32.2788602192054,7.16576822356676,0.409016981171429,NA,NA,NA,NA
"105",2017-08-13,6.89,4,36,4,14.8367697244557,7.72208205921266,31.696551401669,6.83250676568142,0.441249468109082,NA,NA,NA,NA
"106",2017-08-14,11.56,7,41,7,14.2010281464992,7.42431549447565,32.0408272895355,6.60590622442691,0.779145340575413,NA,NA,NA,NA
"107",2017-08-15,6.83,4,31,4,13.9897458947793,7.39037025491759,32.7575611063726,6.63743372647276,0.480951092381554,NA,NA,NA,NA
"108",2017-08-16,31.37,14,26,13,13.416966223197,7.11914063452419,32.6169562178628,6.42643902835494,2.24235666865877,NA,NA,NA,NA
"109",2017-08-17,10.26,6,38,6,14.8532089253412,7.66960938376225,32.0875997204338,6.95232390608654,0.764703423212113,NA,NA,NA,NA
"110",2017-08-18,14.76,10,25,9,14.4857522113139,7.53604063306127,32.5605917427991,6.87613799359962,0.993724660724177,NA,NA,NA,NA
"111",2017-08-19,16.76,10,34,10,14.5076920344088,7.73315738241637,31.9557444033752,7.04604695411165,1.15699894320364,NA,NA,NA,NA
"112",2017-08-20,22.15,11,38,8,14.6878766716561,7.91450479182306,32.1192848511052,7.28236319778272,1.52677627478344,NA,NA,NA,NA
"113",2017-08-21,15.75,10,40,10,15.2848465379236,8.16134440847722,32.5897420630167,7.3397741419601,1.0723129252844,NA,NA,NA,NA
"114",2017-08-22,18.96,13,35,12,15.3220588148897,8.30843685579904,33.1825626979754,7.55259221060329,1.24044424999347,NA,NA,NA,NA
"115",2017-08-23,4.55,3,35,3,15.6130941096985,8.68376190733512,33.3279576821374,7.90838483375503,0.296957481691585,NA,NA,NA,NA
"116",2017-08-24,10.22,6,34,6,14.7280465809227,8.22906095474831,33.4617210675664,7.51571404705463,0.654578773956889,NA,NA,NA,NA
"117",2017-08-25,22.41,13,39,10,14.3674028544488,8.05073607836844,33.5047833821611,7.39445692329026,1.52158671395213,NA,NA,NA,NA
"118",2017-08-26,16.07,10,38,10,15.0108106260929,8.44667719209897,33.9444007115882,7.60290036942704,1.11850416966793,NA,NA,NA,NA
"119",2017-08-27,17.03,10,40,10,15.0955457760055,8.57094301673105,34.2688486546611,7.79466833987287,1.13451567834699,NA,NA,NA,NA
"120",2017-08-28,19.12,10,48,10,15.2503021139251,8.68526757539257,34.7273407622883,7.97109487268304,1.26659878905415,NA,NA,NA,NA
"121",2017-08-29,10.24,6,24,5,15.5598779448111,8.79044616936116,35.7891535013052,8.1334072828684,0.671462107668664,NA,NA,NA,NA
"122",2017-08-30,4.71,3,38,3,15.1342877092262,8.56721047581227,34.8460212212008,7.88273470023893,0.302701603232736,NA,NA,NA,NA
"123",2017-08-31,6.3,3,27,3,14.3003446924881,8.12183363774729,35.0983395235047,7.49211592421982,0.416273307409069,NA,NA,NA,NA
"124",2017-09-01,7.78,5,31,5,13.660317117089,7.71208694672751,34.4504723616243,7.13274665028223,0.544042830246379,NA,NA,NA,NA
"125",2017-09-02,8.25,4,30,4,13.1898917477219,7.49511999098931,34.1744345726944,6.96212691825965,0.603939127421812,NA,NA,NA,NA
"126",2017-09-03,4.67,2,43,2,12.7947004079042,7.21551039171016,33.8404798068789,6.72515676479888,0.354059008922994,NA,NA,NA,NA
"127",2017-09-04,26.8,17,52,17,12.1447243752718,6.79826956037335,34.5732414223285,6.34714422361497,2.09461723569892,NA,NA,NA,NA
"128",2017-09-05,17.69,13,24,13,13.3171464252501,7.61440799554348,35.9673821085423,7.19937268572577,1.45659954506823,NA,NA,NA,NA
"129",2017-09-06,5.57,3,42,3,13.6669747112301,8.0452553559,35.0099915398589,7.66342287086771,0.418257772508903,NA,NA,NA,NA
"130",2017-09-07,16.82,10,35,10,13.0192167343317,7.641634927428,35.5691922166702,7.2903490411983,1.23070396743905,NA,NA,NA,NA
"131",2017-09-08,4.93,3,18,3,13.3232793955851,7.83030413323376,35.5236568393366,7.50712111790243,0.378671013825247,NA,NA,NA,NA
"132",2017-09-09,11.15,7,23,6,12.6518170439383,7.44387980257506,34.1217642921896,7.14655142847024,0.83688104624562,NA,NA,NA,NA
"133",2017-09-10,12.05,7,29,7,12.5316716804233,7.40836941836906,33.2320231488145,7.05482731419262,0.952432362731117,NA,NA,NA,NA
"134",2017-09-11,31.43,14,36,14,12.4931379459894,7.37569986489953,32.8934612969093,7.05044112905721,2.50804527931412,NA,NA,NA,NA
"135",2017-09-12,15.51,9,26,6,14.0080869103103,7.90564387570757,33.1419843931566,7.60640583873263,1.24148152906445,NA,NA,NA,NA
"136",2017-09-13,6.08,3,31,3,14.1282399574854,7.99319236565097,32.570625641704,7.47789337163402,0.434034999848908,NA,NA,NA,NA
"137",2017-09-14,6.84,4,32,4,13.4843807608866,7.59373697639889,32.4449755903677,7.1196619019033,0.484136737525896,NA,NA,NA,NA
"138",2017-09-15,11.57,7,26,7,12.9528303000157,7.30623801828698,32.4093775431383,6.87008894975104,0.858029760889018,NA,NA,NA,NA
"139",2017-09-16,2.08,1,30,1,12.8422038760144,7.28173897682402,31.8966273396872,6.88048183377096,0.160582664315264,NA,NA,NA,NA
"140",2017-09-17,9.2,5,33,5,11.9812275659333,6.7791998586781,31.7448971525123,6.41004328706928,0.716387941573096,NA,NA,NA,NA
"141",2017-09-18,5.33,3,47,3,11.7587293606586,6.63686386998385,31.8453053803113,6.29723982410374,0.444862596146243,NA,NA,NA,NA
"142",2017-09-19,24.58,13,42,12,11.2444310118059,6.34591476038515,33.0576809498864,6.03346063817544,2.09036191293234,NA,NA,NA,NA
"143",2017-09-20,19.33,12,34,12,12.3112765308614,6.87824157955433,33.7730664738955,6.5107837871214,1.71907319985376,NA,NA,NA,NA
"144",2017-09-21,11.55,7,29,6,12.8727744083925,7.28798225318999,33.7912211559838,6.94992108415169,0.938164289547627,NA,NA,NA,NA
"145",2017-09-22,3.84,2,23,2,12.7669524557211,7.26494367293479,33.4079234635051,6.87392739741956,0.298303992455307,NA,NA,NA,NA
"146",2017-09-23,5.12,4,26,4,12.0527962592634,6.84374817910001,32.5752895864247,6.48401320562599,0.401035409018511,NA,NA,NA,NA
"147",2017-09-24,9.23,6,20,6,11.4981725585224,6.61624832477201,32.0492664195107,6.28529214917591,0.765797396841093,NA,NA,NA,NA
"148",2017-09-25,6.04,5,32,5,11.3167187538406,6.56694845879025,31.0853251059499,6.26246877724184,0.525300865790468,NA,NA,NA,NA
"149",2017-09-26,8.94,5,28,5,10.8945812535333,6.44159258208703,31.1584990974739,6.16147127506249,0.789981636414355,NA,NA,NA,NA
"150",2017-09-27,5.4,3,36,3,10.7382147532507,6.32626517552007,30.905819169676,6.0685535730575,0.495659252460821,NA,NA,NA,NA
"151",2017-09-28,24.6,15,40,15,10.3111575729906,6.06016396147846,31.3133536361019,5.8230692872129,2.29088359334154,NA,NA,NA,NA
"152",2017-09-29,6.24,4,25,4,11.4542649671514,6.77535084456018,32.0082853452138,6.55722374423587,0.605169686897741,NA,NA,NA,NA
"153",2017-09-30,17.3,10,34,10,11.0371237697793,6.55332277699537,31.4476225175967,6.352645844697,1.51035444435877,NA,NA,NA,NA
"154",2017-10-01,6.25,4,35,3,11.5381538681969,6.82905695483574,31.6518127161889,6.64443417712124,0.566270717839835,NA,NA,NA,NA
"155",2017-10-02,12.68,8,29,8,11.1151015587412,6.60273239844888,31.9196676988938,6.35287944295154,1.09896263690419,NA,NA,NA,NA
"156",2017-10-03,10.5,8,41,8,11.2402934340419,6.71451380657297,31.6860942829823,6.48464908751542,0.944660734273055,NA,NA,NA,NA
"157",2017-10-04,6.03,4,30,3,11.1810699593185,6.81735270204713,32.4312067403437,6.60587716051418,0.536462863303711,NA,NA,NA,NA
"158",2017-10-05,10.54,5,30,5,10.768984362573,6.59196448588336,32.2367102011162,6.31740698767305,0.942664703677644,NA,NA,NA,NA
"159",2017-10-06,5.13,3,22,3,10.7506656135672,6.4646073270127,32.0577733850269,6.2120144286592,0.476368042452454,NA,NA,NA,NA
"160",2017-10-07,3.42,2,21,2,10.3010123644818,6.18743874085168,31.2531515142248,5.95505327436647,0.318119837685585,NA,NA,NA,NA
"161",2017-10-08,4.28,2,27,2,9.75053137532327,5.85244364158355,30.4328993930868,5.63864901241715,0.415493142669895,NA,NA,NA,NA
"162",2017-10-09,18.87,8,25,8,9.31288886529741,5.54424815025686,30.1582674416399,5.34755709142378,1.93527914260718,NA,NA,NA,NA
"163",2017-10-10,12.89,6,24,6,10.0774577560736,5.74070829823631,29.7456060463087,5.55975252410988,1.38410327734415,NA,NA,NA,NA
"164",2017-10-11,7.53,4,27,4,10.3024611355877,5.76145163437741,29.285957562604,5.59497232218109,0.747212261491418,NA,NA,NA,NA
"165",2017-10-12,7.41,3,40,3,10.0806642447407,5.62053550362722,29.1030809575957,5.4673745364066,0.719245615438789,NA,NA,NA,NA
"166",2017-10-13,12.15,5,19,5,9.86701110516146,5.41089266333704,29.974834480988,5.26998457349407,1.20527771831493,NA,NA,NA,NA
"167",2017-10-14,4.94,3,26,3,10.0496502167485,5.37802125027008,29.096847722509,5.24838580761455,0.500658198044986,NA,NA,NA,NA
"168",2017-10-15,2.93,2,20,2,9.64087819940866,5.18777955024847,28.8490999047082,5.06851494300539,0.291552435836714,NA,NA,NA,NA
"169",2017-10-16,11.61,8,35,7,9.10400794345597,4.93275718622859,28.1411719123316,4.82303374756495,1.20424714013212,NA,NA,NA,NA
"170",2017-10-17,25.99,13,41,10,9.30448730797949,5.17813661133031,28.6898781593451,4.99719104775976,2.85478661282164,NA,NA,NA,NA
"171",2017-10-18,10.33,7,23,4,10.6393283233411,5.80388568242388,29.6746879065975,5.39741576393898,1.11021700154731,NA,NA,NA,NA
"172",2017-10-19,10.27,5,25,5,10.6145820574738,5.89957482782997,29.1407128740697,5.28562250282386,0.965286500038646,NA,NA,NA,NA
"173",2017-10-20,15.39,9,27,9,10.5870154928759,5.82760884160358,28.8094558441441,5.26277270259795,1.44989222530563,NA,NA,NA,NA
"174",2017-10-21,18.47,7,21,6,10.9712542534459,6.08140013427529,28.6646993766126,5.56175088639012,1.744589871662,NA,NA,NA,NA
"175",2017-10-22,13.69,7,32,7,11.5711539131702,6.15488812353327,28.0515234264836,5.59681081547891,1.24780628392604,NA,NA,NA,NA
"176",2017-10-23,6.42,4,38,4,11.7406616001166,6.22249707365061,28.3674015523649,5.70906595024059,0.554827984155738,NA,NA,NA,NA
"177",2017-10-24,2.08,2,33,2,11.3150086721073,6.04469730775856,29.1380094281757,5.57234067422135,0.177162077474352,NA,NA,NA,NA
"178",2017-10-25,15.32,8,30,8,10.5762079783387,5.72112152313787,29.4469686739216,5.28655342028364,1.35395388938282,NA,NA,NA,NA
"179",2017-10-26,9.82,6,45,6,10.9557113400716,5.90343180128684,29.4912111800079,5.50362914666095,0.928499138832417,NA,NA,NA,NA
"180",2017-10-27,16.32,8,20,8,10.8648544328659,5.9111572571839,30.7319142856073,5.54333881492807,1.48963399029217,NA,NA,NA,NA
"181",2017-10-28,11.41,4,24,4,11.3012660782366,6.07826467660918,29.8733611427587,5.73987170973383,1.05017513768846,NA,NA,NA,NA
"182",2017-10-29,22.01,10,33,9,11.3099647919777,5.91200350248045,29.403492251338,5.60068197295512,1.94756940042194,NA,NA,NA,NA
"183",2017-10-30,9.61,6,36,6,12.1659676086194,6.23904322228201,29.691212871231,5.87262741511871,0.849693184440019,NA,NA,NA,NA
"184",2017-10-31,14.27,6,23,6,11.9614901999299,6.21991976449945,30.1959158415325,5.88281722190922,1.17294410597394,NA,NA,NA,NA
"185",2017-11-01,8.5,5,29,5,12.1461709839355,6.2023261833395,29.6202425742099,5.89219184415648,0.710613799612511,NA,NA,NA,NA
"186",2017-11-02,1.77,1,33,1,11.8544773052207,6.10614008867234,29.5706231682731,5.82081649662396,0.14572493688266,NA,NA,NA,NA
"187",2017-11-03,4.39,2,19,2,11.047719120803,5.69764888157855,29.8449733148113,5.43515117689404,0.370324214806727,NA,NA,NA,NA
"188",2017-11-04,1.41,1,22,1,10.5151015911388,5.40183697105227,28.9773754496264,5.16033908274252,0.127628154244522,NA,NA,NA,NA
"189",2017-11-05,10.53,5,36,5,9.78669346384767,5.04969001336809,28.4191854136562,4.82751195612312,1.00141685829016,NA,NA,NA,NA
"190",2017-11-06,22.71,11,43,10,9.84615798673986,5.04571481229864,29.0256505805637,4.84131099963327,2.32049773336535,NA,NA,NA,NA
"191",2017-11-07,14.93,9,37,9,10.8752653478007,5.52205762731475,30.1435985341187,5.25400611966261,1.51632748734143,NA,NA,NA,NA
"192",2017-11-08,8.76,4,31,4,11.1996441199766,5.80029301712957,30.6921106513892,5.5536856300896,0.805497587401079,NA,NA,NA,NA
"193",2017-11-09,7.5,4,27,4,11.0044725903785,5.6562695757592,30.716741799278,5.42939077968243,0.669664135722168,NA,NA,NA,NA
"194",2017-11-10,8.68,4,24,4,10.7241147831482,5.52376800969847,30.4194024553358,5.31503951730784,0.788770195819213,NA,NA,NA,NA
"195",2017-11-11,11.04,5,13,5,10.5605856004964,5.40186656892259,29.9058502589089,5.20983635592321,1.02945559826981,NA,NA,NA,NA
"196",2017-11-12,3.49,1,33,1,10.5989387524566,5.36971724340878,28.5533822381962,5.19304944744936,0.330474097936005,NA,NA,NA,NA
"197",2017-11-13,7.7,5,55,5,10.0302236522601,5.02013986393608,28.9091116591405,4.85760549165341,0.72648782862485,NA,NA,NA,NA
"198",2017-11-14,35.71,18,49,17,9.8438057600793,5.0185286748212,30.9963827264093,4.86899705232114,3.56023965546904,NA,NA,NA,NA
"199",2017-11-15,27.71,11,38,11,11.913101299273,6.0570463808355,32.4366721082965,5.83947728813544,2.81496818155184,NA,NA,NA,NA
"200",2017-11-16,10.98,6,27,6,13.1768531953311,6.45248267036866,32.8817383396328,6.25231910508461,0.921674358688623,NA,NA,NA,NA
"201",2017-11-17,41.52,22,21,15,13.0011049397046,6.41628405673917,32.4111992724622,6.23213357667784,3.15097993310812,NA,NA,NA,NA
"202",2017-11-18,7.01,2,26,2,15.2826165445283,7.66298133220003,31.4983033306652,6.93356289054361,0.53918494101158,NA,NA,NA,NA
"203",2017-11-19,14.65,7,25,7,14.620807220966,7.20994282562403,31.058439064212,6.53887785930013,0.958605482072717,NA,NA,NA,NA
"204",2017-11-20,13.87,8,40,7,14.6231426432887,7.19314739957411,30.5737639390751,6.57576763055612,0.948648032244803,NA,NA,NA,NA
"205",2017-11-21,8.94,6,29,6,14.5628912318256,7.25769560760818,31.327862823949,6.60970622011163,0.611359693198575,NA,NA,NA,NA
"206",2017-11-22,7,4,36,4,14.1130599332796,7.15707995899953,31.1416337980331,6.5609297225027,0.480673781639065,NA,NA,NA,NA
"207",2017-11-23,11.87,3,25,3,13.5440151386172,6.90451356227956,31.5303030941905,6.35605534470248,0.841064946660484,NA,NA,NA,NA
"208",2017-11-24,15.54,11,57,11,13.4100939275278,6.5921524772972,31.0078788466552,6.08757091712628,1.14737024737161,NA,NA,NA,NA
"209",2017-11-25,28.16,15,35,14,13.5804864133256,6.94478027911342,33.0872485389228,6.48056524375618,2.099910720401,NA,NA,NA,NA
"210",2017-11-26,34.76,8,37,8,14.7468475002596,7.58919785678435,33.240268655809,7.08212002425569,2.55955485997117,NA,NA,NA,NA
"211",2017-11-27,30.93,22,85,19,16.3478997002388,7.6220620282416,33.5410471633443,7.15555042231523,2.09739742676905,NA,NA,NA,NA
"212",2017-11-28,29.09,22,48,22,17.5144677242197,8.77229706598228,37.6577633902767,8.10310638853001,1.77943347667927,NA,NA,NA,NA
"213",2017-11-29,24.98,16,31,16,18.4405103062821,9.83051330070369,38.4851423190546,9.21485787744761,1.42624945235742,NA,NA,NA,NA
"214",2017-11-30,13.22,6,29,6,18.9636694817796,10.3240722366474,37.8863309335302,9.7576692472518,0.71689990029703,NA,NA,NA,NA
"215",2017-12-01,6.56,4,32,4,18.5041759232372,9.97814645771561,37.1754244588478,9.45705570747166,0.345924611600244,NA,NA,NA,NA
"216",2017-12-02,24.27,8,28,8,17.5486418493782,9.49989474109836,36.76139050214,9.02049125087393,1.31159583116167,NA,NA,NA,NA
"217",2017-12-03,15.89,7,45,7,18.086350501428,9.37990316181049,36.0604792619688,8.93885195080401,0.905483178492415,NA,NA,NA,NA
"218",2017-12-04,25.71,14,41,11,17.9106424613137,9.18951090886565,36.7756409210113,8.78374379473969,1.42151397530254,NA,NA,NA,NA
"219",2017-12-05,42.82,19,53,15,18.5345910644086,9.5743500361564,37.1135896473304,8.96104429116052,2.39075734399196,NA,NA,NA,NA
"220",2017-12-06,8.66,5,37,4,20.4774237792559,10.3284020332639,38.384502475544,9.44416074786768,0.467234479029295,NA,NA,NA,NA
"221",2017-12-07,7.02,3,32,3,19.5320298769155,9.90212987060278,38.2737422775005,9.00862788803826,0.342816561090629,NA,NA,NA,NA
"222",2017-12-08,20.54,10,30,10,18.5310674867622,9.34995948095456,37.7718428953004,8.5279376569952,1.05160600968954,NA,NA,NA,NA
"223",2017-12-09,20.83,5,36,4,18.6917820878212,9.40196272247819,37.1500954636764,8.64570264443559,1.12405828832473,NA,NA,NA,NA
"224",2017-12-10,23.8,9,38,9,18.8628395207955,9.04980570467994,37.0580878265823,8.27404643288074,1.27328683205156,NA,NA,NA,NA
"225",2017-12-11,21.73,8,42,8,19.2578123591319,9.04582124830555,37.1334408004557,8.33212271825028,1.15200047034507,NA,NA,NA,NA
"226",2017-12-12,13.25,10,34,8,19.4555873704014,8.9621555484411,37.5227655364193,8.30555290079026,0.688032459393912,NA,NA,NA,NA
"227",2017-12-13,28.26,13,35,13,18.9591403807692,9.04518310456582,37.2409442935057,8.28110866872704,1.45253902963594,NA,NA,NA,NA
"228",2017-12-14,14.13,7,37,7,19.7032091503077,9.36156845620055,37.0616687500253,8.65861997522888,0.745286954799514,NA,NA,NA,NA
"229",2017-12-15,46.14,24,26,21,19.2573524182831,9.17264297970451,37.0567352500232,8.52593037721057,2.341750506124,NA,NA,NA,NA
"230",2017-12-16,43.92,18,42,18,21.4079642248204,10.3588315413281,36.1721964300214,9.52385594703372,2.28068734715069,NA,NA,NA,NA
"231",2017-12-17,8.75,5,37,5,23.2089270868348,10.9701250180219,36.6384207156197,10.201947471271,0.408726393042792,NA,NA,NA,NA
"232",2017-12-18,29.83,13,37,12,22.052212919888,10.4925150165801,36.6673470583701,9.78579167356934,1.28528130095772,NA,NA,NA,NA
"233",2017-12-19,23.91,8,30,8,22.674435886297,10.6931138152537,36.6939592937005,9.9629283396838,1.08424492756627,NA,NA,NA,NA
"234",2017-12-20,6.72,4,21,3,22.7732810153932,10.4776647100334,36.1584425502045,9.80589407250909,0.29636900488718,NA,NA,NA,NA
"235",2017-12-21,6.75,4,21,4,21.4890185341618,9.95945153323076,34.9457671461881,9.26142254670837,0.296399978353468,NA,NA,NA,NA
"236",2017-12-22,0,0,24,0,20.3098970514288,9.4826954105723,33.8301057744931,8.8405087429717,0,NA,NA,NA,NA
"237",2017-12-23,15.84,9,22,9,18.6851052873145,8.72407977772652,33.0436973125336,8.13326804353396,0.779915326990081,NA,NA,NA,NA
"238",2017-12-24,4.4,2,21,2,18.4574968643294,8.7461533955084,32.1602015275309,8.20260660005125,0.235481680854493,NA,NA,NA,NA
"239",2017-12-25,4.4,2,40,2,17.332897115183,8.20646112386773,31.2673854053285,7.70639807204715,0.238385520655478,NA,NA,NA,NA
"240",2017-12-26,25.53,10,41,10,16.2982653459684,7.70994423395831,31.9659945729022,7.24988622628338,1.47292168356764,NA,NA,NA,NA
"241",2017-12-27,6.96,4,30,4,17.0368041182909,7.89314869524164,32.68871500707,7.46989532818071,0.427039310764545,NA,NA,NA,NA
"242",2017-12-28,11.02,6,36,6,16.2306597888276,7.58169679962231,32.4736178065044,7.19230370192625,0.646834930042355,NA,NA,NA,NA
"243",2017-12-29,13.79,8,35,8,15.8138070057214,7.45516105565253,32.755728381984,7.09691940577215,0.849626582000834,NA,NA,NA,NA
"244",2017-12-30,16.94,6,24,5,15.6519024452637,7.49874817120033,32.9352701114253,7.16916585331038,1.07121580488943,NA,NA,NA,NA
"245",2017-12-31,1.78,1,31,1,15.7549502496426,7.3788483175043,32.2204485025113,6.99563258504555,0.113724194629045,NA,NA,NA,NA
"246",2018-01-01,3.1,2,27,2,14.6369542296712,6.86854045210396,32.1228126223104,6.5159819782419,0.1967635537326,NA,NA,NA,NA
"247",2018-01-02,2.58,1,38,1,13.7139978912975,6.47905721593564,31.7129876125256,6.15470341998255,0.176266179392019,NA,NA,NA,NA
"248",2018-01-03,6.86,3,37,3,12.8232780599937,6.04073263866079,32.2159486035235,5.74232714638395,0.500218831472415,NA,NA,NA,NA
"249",2018-01-04,14.44,7,47,5,12.3462158151942,5.79747402756793,32.5986727152416,5.52294097467323,1.12607711791341,NA,NA,NA,NA
"250",2018-01-05,7.71,4,35,4,12.5137185499787,5.89367610536249,33.7507788980223,5.48110569669937,0.624482846842145,NA,NA,NA,NA
"251",2018-01-06,11.76,5,32,5,12.1294210659804,5.74218201693349,33.8507165861805,5.36261724096343,0.939768618978572,NA,NA,NA,NA
"252",2018-01-07,17.11,10,29,10,12.099867380702,5.68280745557882,33.7026592592861,5.33360786168635,1.41061967483252,NA,NA,NA,NA
"253",2018-01-08,15.24,8,32,8,12.5006779902458,6.02818285913251,33.3264465185432,5.70691923275144,1.25951793689129,NA,NA,NA,NA
"254",2018-01-09,2.56,1,25,1,12.7198237510261,6.18592823040191,33.2203307970597,5.89036569413133,0.20478889241028,NA,NA,NA,NA
"255",2018-01-10,6.85,3,30,3,11.907037850944,5.77105397196976,32.562704333295,5.49913643860082,0.538529474470697,NA,NA,NA,NA
"256",2018-01-11,16.72,5,26,5,11.5024748228685,5.54936965421218,32.3576879866314,5.29920552351276,1.40421154356827,NA,NA,NA,NA
"257",2018-01-12,13.49,7,30,7,11.919876837039,5.5054200818752,31.8490729477009,5.27526908163174,1.17279109128585,NA,NA,NA,NA
"258",2018-01-13,12.62,6,33,6,12.0454866900759,5.62498647532519,31.7011471118848,5.4132475551012,1.05873577156313,NA,NA,NA,NA
"259",2018-01-14,1.37,1,38,1,12.0914477548698,5.65498755729917,31.805055342934,5.4601877506931,0.113735545540781,NA,NA,NA,NA
"260",2018-01-15,8.55,5,33,4,11.2337319344803,5.28258855271524,32.3006509154993,5.10337273063766,0.707111354515548,NA,NA,NA,NA
"261",2018-01-16,19.94,11,33,10,11.0190333797218,5.25998146849802,32.3565988422593,5.01510291218664,1.77501119986646,NA,NA,NA,NA
"262",2018-01-17,5.1,3,31,3,11.7327107093441,5.71918295101818,32.4080709348786,5.41389467921171,0.462835515988676,NA,NA,NA,NA
"263",2018-01-18,6.83,3,30,3,11.2020938525966,5.50164831493672,32.2954252600883,5.22078310487478,0.582133163358447,NA,NA,NA,NA
"264",2018-01-19,10.88,6,28,5,10.8523263443888,5.30151644974179,32.1117912392812,5.04312045648479,0.971246995710368,NA,NA,NA,NA
"265",2018-01-20,3.06,2,34,2,10.8545402368377,5.35739513376244,31.7828479401387,5.03967081996601,0.281967193290512,NA,NA,NA,NA
"266",2018-01-21,5.96,3,29,3,10.2309770178907,5.08880352306145,31.9602201049276,4.79649715436873,0.549078990906789,NA,NA,NA,NA
"267",2018-01-22,7,5,41,5,9.88929885645946,4.92169924121653,31.7234024965334,4.65277738201923,0.68419663026896,NA,NA,NA,NA
"268",2018-01-23,11.98,6,27,6,9.6581549479427,4.92796330191921,32.4655302968108,4.68055519145769,1.21141045223595,NA,NA,NA,NA
"269",2018-01-24,8.56,4,28,4,9.84390255210729,5.01372623776567,32.0282878730659,4.78611077614108,0.886297646510981,NA,NA,NA,NA
"270",2018-01-25,13.51,6,40,6,9.7411903479387,4.93262813874442,31.7060248432206,4.72322191404979,1.37242317551263,NA,NA,NA,NA
"271",2018-01-26,21.4,10,37,10,10.0426951201036,5.01801788764487,32.369542855763,4.82536416092581,2.19685677372359,NA,NA,NA,NA
"272",2018-01-27,9.42,4,33,3,10.9512795104953,5.41657645663328,32.7399794273019,5.23933502805175,0.937995218150446,NA,NA,NA,NA
"273",2018-01-28,9.41,5,29,5,10.8287771496557,5.30325034010262,32.7607810731178,5.06018822580761,0.859260325789492,NA,NA,NA,NA
"274",2018-01-29,25.48,10,33,10,10.7152749776832,5.27899031289441,32.4599185872684,5.055373167743,2.35298959872031,NA,NA,NA,NA
"275",2018-01-30,10.99,6,34,6,11.8964529794686,5.65667108786285,32.5031251002869,5.45094331432356,1.02563863483568,NA,NA,NA,NA
"276",2018-01-31,6.78,3,32,3,11.8239367411111,5.68413740083383,32.622875092264,5.49486784917768,0.569917773953397,NA,NA,NA,NA
"277",2018-02-01,12.83,4,30,4,11.4204218018222,5.46940640876712,32.5730450848828,5.29527842124346,1.08508699605867,NA,NA,NA,NA
"278",2018-02-02,6.74,3,31,3,11.5331880576764,5.35185389606575,32.3672014780922,5.19165614754399,0.590170846310123,NA,NA,NA,NA
"279",2018-02-03,21.87,14,28,14,11.1497330130623,5.16370558438049,32.2578253598448,5.01632365574047,1.89626666023567,NA,NA,NA,NA
"280",2018-02-04,16.8,10,40,9,12.0073543720173,5.87060913763005,31.9171993310573,5.73501776328123,1.50676253685341,NA,NA,NA,NA
"281",2018-02-05,6.54,4,38,4,12.3907660222559,6.20096040661965,32.5638233845727,5.99621634221873,0.544666193515635,NA,NA,NA,NA
"282",2018-02-06,6.89,3,23,3,11.9227047404755,6.02488357409008,32.9987175138069,5.83651903484123,0.556059245055905,NA,NA,NA,NA
"283",2018-02-07,12.06,7,29,7,11.5200883612374,5.78289288816287,32.1988201127023,5.60959751205394,1.01151544574097,NA,NA,NA,NA
"284",2018-02-08,9.46,5,35,5,11.5632812923384,5.88026145710984,31.9429145036861,5.72082971108962,0.821174256946746,NA,NA,NA,NA
"285",2018-02-09,2.6,1,29,1,11.3950187889514,5.80984054054106,32.1874813433912,5.66316333420245,0.224849671496161,NA,NA,NA,NA
"286",2018-02-10,12.14,5,30,5,10.6914172858353,5.42505329729777,31.9324828359199,5.29011026746626,1.06537779575853,NA,NA,NA,NA
"287",2018-02-11,5.55,3,31,3,10.8073039029684,5.39104903351395,31.7778842090464,5.26690144606896,0.519107977139105,NA,NA,NA,NA
"288",2018-02-12,13.91,7,31,6,10.386719590731,5.19976511083283,31.7156534723226,5.08554933038344,1.28709251862339,NA,NA,NA,NA
"289",2018-02-13,7.93,4,35,4,10.6685820234725,5.34378390196621,31.6584011945368,5.15870538395277,0.763474928800107,NA,NA,NA,NA
"290",2018-02-14,8.42,4,24,4,10.4494954615947,5.23628118980891,31.9257290989739,5.06600895323654,0.789233281562136,NA,NA,NA,NA
"291",2018-02-15,13.91,7,36,7,10.2871358246671,5.1373786946242,31.291670771056,4.98072823697762,1.33116474868321,NA,NA,NA,NA
"292",2018-02-16,8.56,4,28,4,10.5769649586937,5.28638839905426,31.6683371093715,5.14226997801941,0.83210722069736,NA,NA,NA,NA
"293",2018-02-17,13.71,5,27,5,10.4156077619982,5.18347732712992,31.3748701406218,5.05088837977786,1.29621304916313,NA,NA,NA,NA
"294",2018-02-18,1.71,1,28,1,10.6791591410384,5.16879914095953,31.024880529372,5.04681730939563,0.164176689356429,NA,NA,NA,NA
"295",2018-02-19,13.55,7,27,7,9.96162640975531,4.83529520968277,30.7828900870223,4.72307192464398,1.2688264891502,NA,NA,NA,NA
"296",2018-02-20,3.44,2,48,2,10.2486962969749,5.00847159290815,30.4802588800605,4.90522617067246,0.345325136529036,NA,NA,NA,NA
"297",2018-02-21,18.38,11,22,11,9.7040005932169,4.7677938654755,31.8818381696557,4.67280807701867,1.79339883507185,NA,NA,NA,NA
"298",2018-02-22,3.48,2,30,2,10.3980805457595,5.26637035623746,31.0912911160832,5.17898343085717,0.358614982199457,NA,NA,NA,NA
"299",2018-02-23,24.22,13,30,13,9.84463410209878,5.00506072773846,31.0039878267966,4.9246647563886,2.3292760518072,NA,NA,NA,NA
"300",2018-02-24,13.35,8,30,7,10.9946633739309,5.64465586951938,30.9236688006528,5.57069157587751,1.35606868285271,NA,NA,NA,NA
"301",2018-02-25,9.73,5,36,5,11.1830903040164,5.83308339995783,30.8497752966006,5.68503624980731,0.884974798143481,NA,NA,NA,NA
"302",2018-02-26,6.36,3,35,3,11.0668430796951,5.76643672796121,31.2617932728726,5.63023334982273,0.568715786701267,NA,NA,NA,NA
"303",2018-02-27,6.07,3,30,3,10.6902956333195,5.54512178972431,31.5608498110428,5.41981468183691,0.548485232535459,NA,NA,NA,NA
"304",2018-02-28,7.01,3,28,3,10.3206719826539,5.34151204654637,31.4359818261593,5.22622950728996,0.655734905791683,NA,NA,NA,NA
"305",2018-03-01,5.82,2,22,2,10.0558182240416,5.15419108282266,31.1611032800666,5.04813114670676,0.563916769158223,NA,NA,NA,NA
"306",2018-03-02,2.65,1,18,1,9.71695276611829,4.90185579619685,30.4282150176613,4.80428065497022,0.263529027768654,NA,NA,NA,NA
"307",2018-03-03,10.56,6,23,5,9.15159654482883,4.5897073325011,29.4339578162484,4.4999382025726,1.08676045404083,NA,NA,NA,NA
"308",2018-03-04,6.34,4,31,4,9.26426882124252,4.70253074590101,28.9192411909485,4.5399431463668,0.692775295430005,NA,NA,NA,NA
"309",2018-03-05,9.88,5,33,4,9.03032731554312,4.64632828622893,29.0857018956726,4.49674769465745,1.06646300864518,NA,NA,NA,NA
"310",2018-03-06,8.9,5,21,5,9.09830113029967,4.67462202333062,29.3988457440188,4.45700787908486,0.985567819306085,NA,NA,NA,NA
"311",2018-03-07,3.54,2,25,2,9.0824370398757,4.70065226146417,28.7269380844973,4.50044724875807,0.389083626635625,NA,NA,NA,NA
"312",2018-03-08,3.72,2,25,2,8.63904207668564,4.48460008054704,28.4287830377375,4.30041146885742,0.409581699676821,NA,NA,NA,NA
"313",2018-03-09,7.44,4,24,4,8.24551871055079,4.28583207410327,28.1544803947185,4.11637855134883,0.861206593735488,NA,NA,NA,NA
"314",2018-03-10,5.32,3,25,3,8.18107721370673,4.26296550817501,27.822121963141,4.10706826724092,0.645198948271458,NA,NA,NA,NA
"315",2018-03-11,8.94,4,25,3,7.95219103661019,4.16192826752101,27.5963522060898,4.01850280586165,1.09276563054823,NA,NA,NA,NA
"316",2018-03-12,19.68,10,33,10,8.03121575368137,4.14897400611933,27.3886440296026,3.93702258139272,2.47478964091751,NA,NA,NA,NA
"317",2018-03-13,1.85,1,34,1,8.96311849338687,4.61705608562978,27.8375525072344,4.4220607748813,0.230351176800597,NA,NA,NA,NA
"318",2018-03-14,13.68,7,32,5,8.39406901391592,4.3276915987794,28.3305483066556,4.1482959128908,1.52625450730048,NA,NA,NA,NA
"319",2018-03-15,21.77,7,36,7,8.81694349280264,4.54147627087705,28.6241044421232,4.21643223985953,2.5934978571071,NA,NA,NA,NA
"320",2018-03-16,12.3,5,28,5,9.85318801337843,4.73815816920689,29.2141760867533,4.43911766067077,1.39504126458796,NA,NA,NA,NA
"321",2018-03-17,1.87,1,33,1,10.0489329723082,4.75910551567034,29.1170419998131,4.48398824781711,0.189786290230224,NA,NA,NA,NA
"322",2018-03-18,11.9,5,29,5,9.3946183345235,4.45837707441671,29.427678639828,4.20526918799174,1.18420533133148,NA,NA,NA,NA
"323",2018-03-19,15.52,6,29,6,9.59504886776162,4.50170690846337,29.3934643486418,4.2688476529524,1.6520096343847,NA,NA,NA,NA
"324",2018-03-20,8.49,4,27,4,10.0690449583407,4.6215703557863,29.3619872007504,4.40733984071621,0.884831345520868,NA,NA,NA,NA
"325",2018-03-21,4.7,2,32,2,9.94272136167344,4.5718447273234,29.1730282246904,4.37475265345891,0.466777139187044,NA,NA,NA,NA
"326",2018-03-22,10.19,5,30,5,9.52330365273956,4.36609714913753,29.3991859667152,4.1847724411822,1.02487031762549,NA,NA,NA,NA
"327",2018-03-23,0,0,18,0,9.5766393605204,4.41680937720653,29.447251089378,4.24999064588762,0,NA,NA,NA,NA
"328",2018-03-24,7.44,4,27,4,8.81050821167877,4.06346462703001,28.5314710022277,3.90999139421661,0.776890485264729,NA,NA,NA,NA
"329",2018-03-25,11.31,4,29,4,8.70086755474447,4.0583874568676,28.4089533220495,3.91719208267929,1.28369439404279,NA,NA,NA,NA
"330",2018-03-26,8.34,3,27,3,8.90959815036491,4.0537164603182,28.4562370562855,3.92381671606494,0.958525106551278,NA,NA,NA,NA
"331",2018-03-27,4.63,2,36,2,8.86403029833572,3.96941914349274,28.3397380917827,3.84991137877975,0.519664290337311,NA,NA,NA,NA
"332",2018-03-28,21.82,11,31,6,8.52530787446886,3.81186561201332,28.9525590444401,3.70191846847737,2.4616341850836,NA,NA,NA,NA
"333",2018-03-29,10.28,6,37,6,9.58888324451135,4.38691636305226,29.1163543208849,3.88576499099918,1.20582155522923,NA,NA,NA,NA
"334",2018-03-30,16.51,8,24,8,9.64417258495044,4.51596305400808,29.7470459752141,4.05490379171924,1.72178548627655,NA,NA,NA,NA
"335",2018-03-31,10.66,5,40,5,10.1934387781544,4.79468600968743,29.287282297197,4.3705114883817,1.10533069644925,NA,NA,NA,NA
"336",2018-04-01,23.14,11,37,11,10.2307636759021,4.81111112891243,30.1442997134212,4.42087056931117,2.27008770088377,NA,NA,NA,NA
"337",2018-04-02,24.58,12,47,11,11.2635025818299,5.30622223859944,30.6927557363475,4.94720092376628,2.40255769546282,NA,NA,NA,NA
"338",2018-04-03,8.15,4,27,4,12.3288223752835,5.84172445951149,31.9973352774397,5.43142484986497,0.723575987202014,NA,NA,NA,NA
"339",2018-04-04,8.26,5,24,3,11.9945165852608,5.69438650275057,31.5975484552445,5.31691086187578,0.669974775251806,NA,NA,NA,NA
"340",2018-04-05,12.74,6,29,6,11.69575525844,5.63883558253052,30.989744578825,5.13155799292571,1.06215201833605,NA,NA,NA,NA
"341",2018-04-06,17.47,8,32,8,11.7792948377648,5.66772873592808,30.830565012519,5.20103335349166,1.4937043067307,NA,NA,NA,NA
"342",2018-04-07,11.99,6,25,6,12.2345512507436,5.85431043705383,30.9241198115175,5.42495068521233,1.01788775687656,NA,NA,NA,NA
"343",2018-04-08,6.58,3,36,3,12.2149871506841,5.86596560208953,30.4501902265961,5.47095463039534,0.537821115392368,NA,NA,NA,NA
"344",2018-04-09,10.79,5,37,5,11.7641881786294,5.63668835392237,30.8941750084684,5.27327825996371,0.883341084758792,NA,NA,NA,NA
"345",2018-04-10,10.39,5,23,5,11.686253124339,5.58575328560858,31.3826410077909,5.25141599916662,0.883188864563923,NA,NA,NA,NA
"346",2018-04-11,16.35,4,24,4,11.5825528743919,5.53889302275989,30.7120297271676,5.23130271923329,1.399079741474,NA,NA,NA,NA
"347",2018-04-12,5.57,3,25,3,11.9639486444405,5.4157815809391,30.1750673489942,5.13279850169462,0.480895711023675,NA,NA,NA,NA
"348",2018-04-13,5.18,3,30,3,11.4524327528853,5.22251905446397,29.7610619610747,4.96217462155905,0.432967421872632,NA,NA,NA,NA
"349",2018-04-14,6.77,2,25,1,10.9506381326545,5.04471753010686,29.7801770041887,4.80520065183433,0.59114077734221,NA,NA,NA,NA
"350",2018-04-15,8.87,4,34,4,10.6161870820421,4.80114012769831,29.3977628438536,4.50078459968758,0.809998457856983,NA,NA,NA,NA
"351",2018-04-16,13.24,7,36,7,10.4764921154788,4.73704891748244,29.7659418163453,4.46072183171258,1.24715209874138,NA,NA,NA,NA
"352",2018-04-17,16.18,8,35,7,10.6975727462405,4.91808500408385,30.2646664710377,4.66386408517557,1.54441007750051,NA,NA,NA,NA
"353",2018-04-18,8.52,4,21,4,11.1361669265412,5.16463820375714,30.6434931533547,4.85075495836153,0.796442352120883,NA,NA,NA,NA
"354",2018-04-19,9.14,5,22,5,10.9268735724179,5.07146714745657,29.8720137010863,4.7826945616926,0.82074919137718,NA,NA,NA,NA
"355",2018-04-20,20.84,8,29,8,10.7839236866245,5.06574977566004,29.2422526049994,4.8000789967572,1.90722440978957,NA,NA,NA,NA
"356",2018-04-21,0,0,26,0,11.5884097916945,5.30048979360724,29.2228723965995,5.05607267701662,0,NA,NA,NA,NA
"357",2018-04-22,12.25,6,31,6,10.661337008359,4.87645061011866,28.9650426048715,4.65158686285529,1.05709068113725,NA,NA,NA,NA
"358",2018-04-23,7.66,5,32,5,10.7884300476902,4.96633456130917,29.1278391964818,4.75945991382687,0.718483994455312,NA,NA,NA,NA
"359",2018-04-24,10.24,6,27,6,10.538155643875,4.96902779640444,29.3576120607633,4.77870312072072,0.949164980885456,NA,NA,NA,NA
"360",2018-04-25,3.99,5,37,5,10.514303192365,5.05150557269208,29.1690030959022,4.87640687106306,0.378624128816987,NA,NA,NA,NA
"361",2018-04-26,8.03,10,23,9,9.99235893697583,5.04738512687671,29.79548284823,4.88629432137802,0.763721556539381,NA,NA,NA,NA
"362",2018-04-27,6.11,9,29,9,9.83537022201776,5.44359431672658,29.2518442203716,5.21539077566778,0.611467225961078,NA,NA,NA,NA
"363",2018-04-28,10.72,13,25,13,9.53734060425634,5.72810677138845,29.2316966827419,5.51815951361435,1.08994371925135,NA,NA,NA,NA
"364",2018-04-29,4.15,5,36,5,9.63195335591583,6.30985822967738,28.8931609481225,6.11670675252521,0.435131780671431,NA,NA,NA,NA
"365",2018-04-30,3.59,5,33,5,9.19339708744257,6.20506957130319,29.4617080722727,6.02737021232319,0.372717751773067,NA,NA,NA,NA
"366",2018-05-01,10.26,10,36,9,8.74512532044717,6.10866400559893,29.7447714264909,5.94518059533733,1.11601836648765,NA,NA,NA,NA
"367",2018-05-02,7.69,4,24,4,8.86631529481139,6.41997088515102,30.2451897123716,6.18956614771035,0.879347032571374,2.04608180735392,2.14212407903361,1.74767466097158,2.16712833132618
"368",2018-05-03,19.08,7,29,6,8.77221007122648,6.22637321433894,29.7455745353819,6.01440085589352,2.15196497818724,2.10453118057961,2.13432911911158,1.62353519939248,2.15753574559529
"369",2018-05-04,5.97,2,28,2,9.59683326552836,6.28826335719182,29.6859285725514,6.01324878742204,0.680558257443247,2.17813367507437,2.03908140040139,1.60849077767503,2.02834045946401
"370",2018-05-05,16.86,7,26,6,9.3066866042861,5.94520228861648,29.5510542867473,5.69218888442828,1.75682952214673,2.23293848331166,2.03800963507932,1.55701462539758,2.02753287960953
"371",2018-05-06,4,2,31,2,9.91095167594321,6.02958610552716,29.2669699438075,5.71681377367402,0.429798506179185,2.36150624203016,2.06225136668798,1.60975933606105,2.02519202176827
"372",2018-05-07,10.94,5,34,5,9.43807554186775,5.70721921708499,29.4056123483029,5.41946867178009,1.10382941595352,1.97072984632721,1.80044987210034,1.59756821387749,1.76127056995667
"373",2018-05-08,19.95,9,31,9,9.55822949851833,5.65064167971819,29.7731633604387,5.38591117803769,2.11377837690542,1.85596802749824,1.66376679958053,1.55929709719005,1.62674062469056
"374",2018-05-09,4.01,2,34,2,10.3895711386369,5.91859034534073,29.8713102916036,5.67503828379467,0.419533764137135,2.0227351836526,1.71822744177913,1.54561828251326,1.68599300069017
"375",2018-05-10,8.95,4,24,4,9.87920544754592,5.60510311771348,30.2016054682753,5.3810352210911,0.861440754442368,1.86179310445754,1.5704864760098,1.5583637171158,1.53888418538143
"376",2018-05-11,9.93,5,28,4,9.80486901174224,5.4766948682964,29.7054770308133,5.27055240340381,1.00514156251976,1.95870855258694,1.62827181539975,1.56098924464536,1.59860233540156
"377",2018-05-12,11.36,6,19,5,9.81487949080286,5.43855927883269,29.5690388683482,5.16890821113151,1.15860803304923,2.13120471265931,1.75753668857412,1.62222018538736,1.70410087755877
"378",2018-05-13,10.55,5,23,5,9.93848913153863,5.48347453652607,28.7235157588803,5.15539555424099,1.07489857719455,2.2327189414681,1.82365004827764,1.57740810872785,1.74726009628974
"379",2018-05-14,1.58,1,19,1,9.98741000101554,5.44479657360399,28.2656344981699,5.14296390990171,0.15897788678825,2.30550121904051,1.8606303011812,1.58862040713807,1.78915877503248
"380",2018-05-15,27.89,11,34,11,9.3148172009343,5.08921284771567,27.5243837383163,4.81152679710957,2.79251577707975,2.33721673083258,1.89034563343393,1.5524921469375,1.81940962388956
"381",2018-05-16,9.19,4,22,4,10.8008318248596,5.56207581989841,28.042433039251,5.30660465334081,0.986600144882952,2.72294661100364,2.04726238242639,1.59415079053468,1.98526948877181
"382",2018-05-17,7.69,4,22,4,10.6719652788708,5.43710975430654,27.5590383961109,5.20207628107354,0.711982199583965,2.61691616312464,1.87519587097205,1.57808803028768,1.81944827365381
"383",2018-05-18,6.96,3,25,3,10.4334080565611,5.32214097396202,27.1143153244221,5.10591017858766,0.652176034884593,2.58571172244269,1.88225809901305,1.54881619230528,1.82980094206841
"384",2018-05-19,16.03,10,23,9,10.1555354120362,5.13636969604506,26.9451700984683,4.93743736430065,1.53641072151102,1.88420615708809,1.75823140376138,1.60905506167462,1.71012163076854
"385",2018-05-20,11.93,5,34,5,10.6254925790733,5.52546012036145,26.6295564905908,5.26244237515659,1.17472880709575,2.09516446053653,1.99646540440698,1.61134585704372,1.9232596007433
"386",2018-05-21,14.88,6,35,6,10.7298531727475,5.48342331073254,27.2191919713436,5.24144698514407,1.40040566489179,2.24543384800886,2.08795946773434,1.64325625912544,2.01802646283415
"387",2018-05-22,16.2,4,25,4,11.0618649189277,5.52474944587394,27.8416566136361,5.30213122633254,1.50980630761528,2.33597430177397,2.08001166611943,1.68542770272934,2.07965188958939
"388",2018-05-23,12.49,5,27,5,11.4729157254135,5.40276949020402,27.6143240845452,5.19796072822594,1.12910436816388,2.38472364013746,1.89995818459786,1.59091398894395,1.89322010865685
"389",2018-05-24,18.04,6,34,3,11.5542824673804,5.3705479309877,27.5651781577816,5.18212386996787,1.57239889420959,2.4435283692535,1.8803547849743,1.57615096963011,1.92936591983621
"390",2018-05-25,9.93,3,22,3,12.07313986999,5.42090409650868,28.0799639051591,5.00755396037044,0.859421606493869,2.17681445459714,1.54545420501442,1.54541899563004,1.60960406043484
"391",2018-05-26,8,3,28,3,11.9016886803908,5.22723176878799,27.5935667927463,4.8469496435408,0.662627956451121,2.14362082303659,1.50769598119567,1.51978572471187,1.56244181876325
"392",2018-05-27,24,12,18,12,11.5895535859595,5.04905322728495,27.6260814493266,4.69919367205754,2.01652056649259,2.10750911527463,1.47216865009495,1.55694944763016,1.51881335621185
"393",2018-05-28,11.76,5,34,5,12.5823892990827,5.60512896910215,26.8559949333805,5.28325817829294,1.01470690072541,2.28470065706304,1.61284901956911,1.5255424839088,1.66850041334192
"394",2018-05-29,14.06,6,48,6,12.5165981551561,5.55671865157398,27.4275153387101,5.2605975240295,1.11743482623169,2.20290561784904,1.54470306383128,1.55521033055432,1.58779175326952
"395",2018-05-30,7.07,3,28,3,12.6400703027436,5.59218115944807,29.0733141116133,5.31974972210714,0.564849962614448,2.26812752637494,1.57548811421151,1.58827025675793,1.61787902172254
"396",2018-05-31,8.58,4,27,4,12.1944646785241,5.38480666669222,28.9874489826842,5.13416974433857,0.678793692954195,2.22791919600241,1.50181530771026,1.55173948687896,1.53485454073311
"397",2018-06-01,2.01,1,24,1,11.9053075042422,5.27402213335684,28.8284530640695,5.04343616479149,0.164828883677021,2.24002971258203,1.52486148015526,1.5345575258675,1.55784278844745
"398",2018-06-02,11.04,5,36,5,11.1136829039028,4.9321003626883,28.4421768189439,4.71996127160817,0.927317500708497,1.96021826626447,1.34683456980238,1.47496623940275,1.36476091916046
"399",2018-06-03,22.42,11,39,11,11.1077882715906,4.93753233367323,29.0468026734284,4.74236436987951,2.01733306536276,2.01723373983716,1.36810333297273,1.47142367033597,1.38593628730239
"400",2018-06-04,14,6,33,6,12.0127652098634,5.42252974697937,29.8430584595541,5.24297522028915,1.26037692272246,2.20000712289523,1.52304908462867,1.53502917694502,1.54749759790532
"401",2018-06-05,11.66,5,47,5,12.1717439930743,5.46872736722102,30.0956137827898,5.30353720266602,0.97063413762772,2.24657812215888,1.55561021258546,1.55725606295135,1.57984816218799
"402",2018-06-06,57.11,12,35,11,12.1308044736284,5.43122917784334,31.4479646801666,5.27925422645274,4.69201455703435,2.29973462404632,1.56328195886887,1.62270458315944,1.58610829869336
"403",2018-06-07,19.63,5,25,5,15.7291401157381,5.95673084361588,31.7321275057533,5.73691388833652,1.61819441098688,2.63025504577788,1.46130533934932,1.54417465076962,1.45527251538514
"404",2018-06-08,2.01,1,22,1,16.041208906479,5.88019237612661,31.193557305293,5.6779607772696,0.127788295177615,2.59832408326917,1.41684435414433,1.53318399761348,1.41004809976304
"405",2018-06-09,11.04,4,44,4,14.9187121939607,5.48977698603648,30.4580727208696,5.30372391508803,0.688227431259308,2.28906547149021,1.30145408864041,1.50499737454173,1.31781247755318
"406",2018-06-10,16.06,7,30,3,14.6084152184439,5.37059482715356,31.5414269032,5.19942600188099,1.07650042384364,2.24717514403946,1.27849016161721,1.57243887824659,1.29253076954711
"407",2018-06-11,35.26,9,25,9,14.7245420009684,5.50094724098128,31.418112750944,5.02347192173051,2.41367728619067,2.37311665844766,1.36680578791179,1.5985438919383,1.30112862084655
"408",2018-06-12,8.04,4,38,4,16.3673786408909,5.78087146170277,30.9046637308685,5.34159416799207,0.546027170113084,2.15033472878155,1.40904082703425,1.5766180907993,1.40865244606572
"409",2018-06-13,11.07,5,28,5,15.7011883496196,5.63840174476655,31.472290632399,5.23426663455271,0.676345323394893,1.85412973975857,1.17113318982283,1.59001386218498,1.15581689925949
"410",2018-06-14,18.35,7,32,6,15.33069328165,5.58732960518523,31.1945073818071,5.21552530378849,1.16870134867496,1.8154934289888,1.11985679824753,1.53741568123697,1.10350210530744
"411",2018-06-15,9.13,3,27,3,15.572237819118,5.70034323677041,31.2589467912625,5.27828327948541,0.595537320606895,1.67141163574012,1.01246215543878,1.45073276966212,0.979594638661988
"412",2018-06-16,4.3,2,28,2,15.0568587935886,5.48431577782878,30.9182310479615,5.09602061712658,0.27613243837831,1.66082843889879,0.997190976826059,1.42196949540246,0.965672359264851
"413",2018-06-17,2.04,1,14,1,14.1963100901015,5.20557051560248,30.6847725641246,4.84833896775645,0.135486427014156,1.52809476977209,0.913292663894629,1.41510220955481,0.895353514262101
"414",2018-06-18,16.4,8,27,8,13.2238052828934,4.86912487435428,29.3499907589946,4.54047185033594,1.1552297671657,1.42883032432696,0.850680339286964,1.34700443334449,0.831314240144727
"415",2018-06-19,4.1,2,35,2,13.4779008602619,5.11959488440594,29.1619914982751,4.81723410230906,0.310046912540663,1.47431788562423,0.903580678698717,1.33245226306318,0.887993038744649
"416",2018-06-20,18.54,9,26,9,12.727668791441,4.87002729365346,29.6290321784131,4.59185537412434,1.37558512948134,1.46227064357483,0.893152790807237,1.36318950424396,0.877838254313416
"417",2018-06-21,7.76,4,33,4,13.1926552881257,5.20042511016119,29.33870960414,4.94450694419439,0.609695312406181,1.53450770801881,0.946148544814886,1.33867238648983,0.934265916279468
"418",2018-06-22,38.23,17,27,16,12.7580428650756,5.10439110134829,29.6316128358088,4.86894638865884,2.89782452167985,1.52828722625789,0.9493535701492,1.35657427292753,0.938319661183856
"419",2018-06-23,23.78,11,23,10,14.7957994358696,6.05603981324043,29.4210838089441,5.75943067756613,1.86392225292614,1.89940543975977,1.20480665470397,1.30786334758777,1.18656087189422
"420",2018-06-24,5.16,2,22,2,15.514535481,6.45155662818119,28.9073971042286,6.09867622336084,0.348747630864106,2.05498036793442,1.32626901177679,1.29189927151372,1.29605342536916
"421",2018-06-25,24.29,7,45,7,14.68617264252,6.0954320979267,28.3548053358903,5.77078212549197,1.56562857004304,2.05500274827147,1.31500691257978,1.26890871993771,1.28550158984421
"422",2018-06-26,27.83,12,33,12,15.4544788311184,6.16779753009256,29.6864209090191,5.86911955545262,1.89497976616627,2.19960557627158,1.34536985940529,1.32539587302468,1.31890373444935
"423",2018-06-27,15.43,5,37,5,16.4445205246289,6.63437372768516,29.9515072362976,6.35958999101641,0.998416068805301,2.1111026519419,1.38861088437902,1.28844181832226,1.36647871879953
"424",2018-06-28,26.69,9,37,9,16.3633588826586,6.50362382947035,30.5153866573938,6.2508227917351,1.62303303158194,2.0565308699148,1.25178281848239,1.30930250840868,1.35837880730228
"425",2018-06-29,13.42,6,32,6,17.1894901720459,6.70333392311272,31.0341557248023,6.47075696839629,0.820125018111171,2.05099838564144,1.27443446262023,1.31489128020571,1.39650264135081
"426",2018-06-30,31.02,14,34,14,16.8879309582823,6.6470672092637,31.1114232668181,6.43309641092459,1.8045910431041,1.82136033196971,1.23115225825755,1.32536211390013,1.33387560530146
"427",2018-07-01,6.21,3,38,3,18.0184964816197,7.23530183252261,31.3425094054726,7.03844869805062,0.367718225242652,1.86805725833335,1.30905058823128,1.30181591708771,1.40852585041581
"428",2018-07-02,30.58,12,52,10,17.0738167630901,6.8964776859208,31.8751086530348,6.71537280220657,1.69714493277472,1.81460024026447,1.27595210260984,1.33313363880515,1.36567111648584
"429",2018-07-03,19.05,8,52,8,18.1543114220429,7.30475947104713,33.485099960792,6.97814297803004,1.11574349568879,1.97492548174004,1.35964003387388,1.39537997309784,1.41720185009894
"430",2018-07-04,14.26,6,35,6,18.2259665082795,7.36037871336336,34.9662919639287,7.05989153978764,0.785488343153878,2.04579010215536,1.35731147630772,1.44743906315254,1.40916650593677
"431",2018-07-05,28.77,13,47,13,17.9086891876171,7.25154841629429,34.9689886068144,6.97510021660463,1.57851711111895,2.00907672862739,1.30683439079303,1.41547563527525,1.34936334136757
"432",2018-07-06,20.16,8,42,8,18.7775940526077,7.71142454299075,35.9314695182692,7.45709219927626,1.12571053016764,2.14454537391235,1.38073188667855,1.42537791438761,1.42429310496648
"433",2018-07-07,11.1,5,37,5,18.8881865283991,7.73451057955149,36.4169519568077,7.50052482333416,0.59113004407817,2.2694780763013,1.45983062783368,1.4364692253593,1.50710006857653
"434",2018-07-08,14.84,7,38,7,18.2651316061272,7.51574973318737,36.4635958002631,7.30048283746743,0.78567627324558,2.20102013910564,1.42495776760415,1.43086665451766,1.46635809002182
"435",2018-07-09,19.94,9,55,8,17.991121077637,7.47448975453238,36.586508136242,7.27644421047003,1.09169758148969,2.25085800899712,1.46776850403701,1.45156401658111,1.50952378059637
"436",2018-07-10,49.92,12,44,12,18.1470313914261,7.59653057416979,38.0595874853427,7.33432867363243,2.7747020202121,2.04230465269432,1.40545734188787,1.45107772830745,1.44526513178538
"437",2018-07-11,12.23,5,44,5,20.688868880112,7.94880812823621,38.5348204865152,7.70758237974184,0.673939430433692,2.19080053588966,1.39633513318243,1.46130084814224,1.43030973644296
"438",2018-07-12,19.7,6,38,6,20.012159369703,7.71290347797731,38.972034847594,7.49097578936249,0.952202854305748,2.07991179465057,1.36821235795719,1.46618343296012,1.39818298715844
"439",2018-07-13,4.08,2,46,1,19.9871866201268,7.57587119973913,38.8942720597865,7.37169772621349,0.203876049786853,2.17197554233058,1.39615604751346,1.47025209996495,1.42612553083111
"440",2018-07-14,23.84,10,47,10,18.7146116905166,7.12980150376,39.4627302950036,6.86196190811641,1.19276416701856,1.95389138913887,1.26591419771567,1.4759143028917,1.27178988729415
"441",2018-07-15,32.17,8,62,7,19.1246427552753,7.3594173834592,40.0657118714033,7.1130049554671,1.71897769144212,2.12934368102268,1.39871247968574,1.49282832525176,1.41022649122112
"442",2018-07-16,31.98,15,46,15,20.1682713348533,7.41066399278246,41.820454921691,7.10396455902973,1.67218809832036,2.23323790233246,1.39281431922033,1.59063392977173,1.38739438189284
"443",2018-07-17,22.96,10,32,9,21.113209628065,8.01781087335987,42.1548185279558,7.73564739430735,1.13842181210257,2.29459515678405,1.51422614150055,1.51264106496402,1.51360758532849
"444",2018-07-18,31.33,14,37,14,21.2609528578198,8.17638600349108,41.3424330457193,7.83679560276277,1.48390512631268,2.17348232137047,1.42163652239815,1.42959973944457,1.40397156969767
"445",2018-07-19,22.42,10,47,10,22.0664766291942,8.64227512321179,40.9950384020618,8.32985195454174,1.05451529618316,2.30641912819014,1.54016143308165,1.43714279518894,1.52692097287817
"446",2018-07-20,39.5,13,32,11,22.0947584988587,8.75089311335485,41.4754353298968,8.46346379817841,1.79004562729969,2.41261176311567,1.64417026743812,1.45612933359221,1.63422032899372
"447",2018-07-21,39.98,14,42,14,23.48717781895,9.09082166428646,40.7174005035051,8.66638669432413,1.80947893148799,2.49465964466296,1.64195428625087,1.45602964972998,1.603524000578
"448",2018-07-22,20.3,5,55,5,24.806603593434,9.48355593114355,40.8200084632247,9.0930757587782,0.864301371432607,2.68790182638487,1.75178288486605,1.47644462371687,1.71819652016925
"449",2018-07-23,30.1,13,50,11,24.4460753059593,9.12487145665206,41.9544077861667,8.76562969807595,1.21338658420644,2.75633045044489,1.77507112252752,1.511559873832,1.74307074036512
"450",2018-07-24,32.66,14,59,14,24.8983892814825,9.4348817401199,42.5980551632734,8.94437932222987,1.33600177497769,2.8100940313375,1.8394015727186,1.52926501526108,1.77943210497203
"451",2018-07-25,40.87,11,50,10,25.5193181389639,9.80009120091031,43.9102107502115,9.34882897645148,1.64147164452907,2.8460058915957,1.91446334258474,1.56226136684513,1.86068083138197
"452",2018-07-26,27.36,13,49,10,26.7473726878468,9.89608390483748,44.3973938901946,9.40092265833536,1.07212895936375,2.94685712964311,1.93681692143839,1.55789724371939,1.87177652309281
"453",2018-07-27,24.1,7,33,7,26.7963828728191,10.1443971924505,44.765602378979,9.44884884566854,0.901023075472018,3.02467851394973,2.05323034975111,1.51755938806765,1.94394232065501
"454",2018-07-28,11.08,4,26,3,26.5806722429936,9.89284541705445,43.8243541886607,9.25294093801505,0.413488643321297,2.78246863585811,2.00039543897845,1.48766185675571,1.89928193303749
"455",2018-07-29,33.26,13,34,11,25.3406184635541,9.42141778369009,42.3984058535678,8.75270566297385,1.25128513289452,2.67716229375721,1.87311629740898,1.42939126091374,1.76392391452886
"456",2018-07-30,28.24,12,47,11,25.9741689864697,9.70770436099489,41.7265333852824,8.93248920993594,1.11441636835407,2.6069481725093,1.8713919105879,1.46055727672417,1.77052765290334
"457",2018-07-31,20.2,10,50,10,26.1554354675522,9.89108801211529,42.1484107144598,9.09789007314107,0.777695718023642,2.65743432028226,1.91227080336768,1.4735454921695,1.83370041347692
"458",2018-08-01,21.2,10,54,10,25.679000630148,9.89980097114607,42.776537857303,9.17005886728979,0.810538980561047,2.27011244757501,1.51869206153062,1.45324790960611,1.56898704506081
"459",2018-08-02,63.44,18,41,17,25.3206805797362,9.90781689345439,43.6744148287188,9.2364541579066,2.47050112711627,2.06955673888183,1.31802919258473,1.48550827036717,1.51491614139042
"460",2018-08-03,16.62,6,39,6,28.3702261333573,10.555191541978,43.4604616424213,9.85753782527408,0.656380461325388,2.36812327865356,1.42719234809215,1.49203604057965,1.6188436582847
"461",2018-08-04,26.16,9,49,8,27.4302080426887,10.1907762186198,43.1036247110276,9.54893479925215,0.922093460835742,2.43330004626968,1.48033277138587,1.48848614951004,1.68052720803941
"462",2018-08-05,16.04,9,42,9,27.3285913992736,10.0955141211302,43.5753347341454,9.42502001531198,0.584756775268985,2.51334022249856,1.51735055923095,1.51717379000614,1.69895543539101
"463",2018-08-06,31.31,16,45,11,26.4255040873317,10.0078729914398,43.4493079554138,9.39101841408702,1.14568656476134,2.47125722912359,1.5537492143772,1.46275863759902,1.73146702728407
"464",2018-08-07,20.2,10,46,10,26.8162637603452,10.4872431521246,43.5733633189807,9.51973694096006,0.764413043294936,1.86388561241703,1.35043547513719,1.37683944977624,1.4103656127795
"465",2018-08-08,23.83,10,40,9,26.2869626595176,10.4482636999546,43.7674942534622,9.55815798568326,0.888639827418421,1.70002330258821,1.21709987756421,1.30277494717262,1.26266158572632
"466",2018-08-09,37.16,10,49,10,26.0904056467562,10.4124026039583,43.4660947131852,9.5135053468286,1.41362851544759,1.65312346322789,1.18622105647581,1.29255880492392,1.21279810268666
"467",2018-08-10,27.25,11,55,11,26.9759731950157,10.3794103956416,43.9088071361304,9.55242491908231,1.04444524048203,1.80273783284792,1.24818998792209,1.31080033523321,1.28104907923469
"468",2018-08-11,17.73,8,38,7,26.9978953394144,10.4290575639903,44.79610256524,9.66823092555573,0.65725154276458,1.87480435478939,1.3084860582309,1.36832582840374,1.34651597671536
"469",2018-08-12,17.17,7,45,7,26.2564637122613,10.2347329588711,44.2524143600208,9.45477245151127,0.635975500465527,1.68151678482739,1.25846712821968,1.37094104499053,1.31943598460475
"470",2018-08-13,15.48,6,52,6,25.5295466152804,9.97595432216138,44.3122212112191,9.25839065539037,0.589569112186693,1.72069440244797,1.29187364828114,1.39801395583009,1.3550503457814
"471",2018-08-14,34.04,12,43,12,24.7255828860579,9.65787797638847,44.9272435143216,8.99771940295914,1.33335701228732,1.74111216673795,1.30084423049839,1.40218737513668,1.36207192431644
"472",2018-08-15,21.29,8,43,8,25.4707362551733,9.84524773827739,44.7730640331759,9.23790185072241,0.861051490600241,1.82067182969195,1.33217246209367,1.36680090095186,1.39178818673216
"473",2018-08-16,12.42,4,54,4,25.1362773547594,9.6976279192152,44.6312189105218,9.13886970266462,0.48761841336555,1.87346952631517,1.36219080603446,1.36834407884079,1.42207366511093
"474",2018-08-17,30.53,13,49,13,24.1189751663787,9.24181768567798,45.3807213976801,8.72776012645145,1.21457921430117,1.62382252128892,1.20499196546363,1.41427597555018,1.2553730586129
"475",2018-08-18,27.49,12,43,9,24.6318571530684,9.54247227082375,45.6702636858657,9.06953931633533,1.13976650377419,1.70041961188802,1.2662448008786,1.40262388492881,1.31898739158193
"476",2018-08-19,31.08,15,43,14,24.8605085808229,9.73907448915785,45.4566425909964,9.06397617102851,1.26178062039177,1.71360878917609,1.25939173452005,1.42248736306062,1.28639167891711
"477",2018-08-20,59.96,24,76,22,25.3580678943571,10.1599485300252,45.2601111837167,9.45885807734623,2.41185733610665,1.72646247386403,1.28371247440801,1.40912574465865,1.29887205848593
"478",2018-08-21,40.98,14,50,14,28.1262224628085,11.2671526476232,47.7193022890194,10.4621494311585,1.61605372186574,1.84013770717448,1.38055105674991,1.46424301845493,1.42540481884155
"479",2018-08-22,29.31,9,46,8,29.1545246657838,11.4857804358133,47.9017581058978,10.7451774766658,1.04208803861794,1.90278114827832,1.38242375011812,1.44358223751116,1.42271384142525
"480",2018-08-23,19.46,8,45,8,29.1669626925211,11.2869180009483,47.749617457426,10.5255632785326,0.667477869150051,1.8681090684263,1.29977285436791,1.43271957774413,1.33093716350357
"481",2018-08-24,11.13,5,44,5,28.3904056771194,11.0239645608724,47.5296480608319,10.32351821625,0.381596127006187,1.9276423062033,1.33963821892842,1.4204185123909,1.37359113872829
"482",2018-08-25,14.6,7,46,7,27.0095732229499,10.5420473960026,47.2472762159654,9.89763675894998,0.514258238013362,1.87992036532799,1.3094513710775,1.41016510022032,1.33852111948553
"483",2018-08-26,26.92,10,62,10,26.0168073651139,10.2586836043224,47.1474941186881,9.66582581823398,0.996683649082104,1.7332046891518,1.21452298590485,1.38896233635943,1.2713340105182
"484",2018-08-27,33.1,16,52,16,26.0890627759048,10.2379889159766,48.3356945891931,9.69255975277526,1.27225449054844,1.7282623075062,1.19449970627402,1.41048492980574,1.24348584572789
"485",2018-08-28,20.58,9,53,8,26.6499377538324,10.6989498026985,48.6288390220576,10.1971549725532,0.788836309559084,1.74750228256123,1.23185033849863,1.4003041394654,1.27926654185223
"486",2018-08-29,33.78,13,52,12,26.1643427335258,10.5630338184826,48.978531900293,10.021382574749,1.26754517447765,1.68152621931402,1.20164933781174,1.36853004635907,1.23212599913166
"487",2018-08-30,24.46,10,43,10,26.7735953148438,10.757991113004,49.2202493482696,10.1796719687691,0.934860097542525,1.76906874173682,1.25571691548573,1.41250701294767,1.29138837673435
"488",2018-08-31,36.82,12,38,12,26.5885076896563,10.6973518239637,48.722629400408,10.1652982112675,1.37523554707598,1.85929138502676,1.31711043356593,1.38817477014203,1.35679937604891
"489",2018-09-01,23.21,11,57,10,27.4070270744838,10.8015636780466,47.8648190483754,10.3120743543661,0.872933534702642,2.00632436564724,1.4006019061585,1.38938063159023,1.44573680518403
"490",2018-09-02,14.86,7,58,7,27.0712649085251,10.8174385838029,48.5956335245054,10.2871084060168,0.542196713259528,2.052425101457,1.44326423016679,1.42198793139166,1.47758128037522
"491",2018-09-03,50.3,19,71,19,26.0943637158431,10.5120434970986,49.3479828425449,10.0241397335355,1.85805872647495,2.03946656693288,1.45686762632562,1.45825304854318,1.49054365334713
"492",2018-09-04,36.48,15,60,15,28.0308146185756,11.1910800173307,51.0801442151413,10.7422085548527,1.39800304760263,2.30806511143636,1.64616597178829,1.47744735852717,1.69244752858861
"493",2018-09-05,24.48,11,54,11,28.7067494490896,11.4957936159443,51.79373267793,11.0828318704644,0.873324601268543,2.15562317424549,1.5097422705314,1.44001952996265,1.53941632893077
"494",2018-09-06,30.1,11,43,11,28.3686094931624,11.4561301266687,51.9702340636956,11.0762053208273,1.04853390152658,2.07570512805969,1.42396103291704,1.48444006347524,1.4453339594417
"495",2018-09-07,32.66,15,27,15,28.5071207337094,11.4196397165352,51.2526153386,11.0701088951611,1.15127250096174,2.18961872403093,1.49439744570195,1.44092716602598,1.51846075305903
"496",2018-09-08,22.79,10,56,9,28.8393510750127,11.7060685392124,49.312406111512,11.3845001835482,0.799449380135084,2.16458352472658,1.49496984280967,1.38815680870182,1.51649347396292
"497",2018-09-09,46.33,14,59,14,28.3554029890116,11.5695830560754,49.847413622591,11.1937401688644,1.606485523183,2.24121190581057,1.554240982246,1.46086858802905,1.56631352630739
"498",2018-09-10,18.57,8,54,8,29.7933707498907,11.7640164115894,50.5796205327837,11.4182409553552,0.654901642808473,2.37744584359271,1.58793598796795,1.52201448302699,1.61850041777556
"499",2018-09-11,12.47,6,47,6,28.8955010898995,11.4628950986623,50.853250890161,11.1447816789268,0.418549485544389,2.31290979214518,1.55414337739167,1.54599877559676,1.58072118820983
"500",2018-09-12,30.47,11,32,10,27.5814610027075,11.0258634907693,50.5449908189482,10.7331991446127,1.05448941360117,1.96896701022086,1.39468254124746,1.52510453868252,1.41107368870039
"501",2018-09-13,15.79,7,45,7,27.8125441224909,11.0237944115077,49.0613915534323,10.6745432130436,0.572485989717876,1.96857812481839,1.37914789325979,1.50630792583282,1.42747999771373
"502",2018-09-14,35.33,16,43,16,26.8507405926916,10.7018908585871,48.7364802291577,10.3805797560002,1.27029011960938,1.99124758257911,1.40930491691354,1.50212719665681,1.45801582982825
"503",2018-09-15,10.8,5,35,5,27.5290813452763,11.1257395899001,48.2775618108251,10.8301333755201,0.402223542502198,2.12533328296928,1.5227726720719,1.48961706365898,1.57641821739624
"504",2018-09-16,25.01,10,47,10,26.1907548376542,10.6356804227081,47.2153568659591,10.3637227054785,0.908493810102801,2.03942836373834,1.46059621974351,1.48026173310216,1.50624955575219
"505",2018-09-17,30.28,14,53,14,26.0962944506419,10.5848259888915,47.1981283166824,10.3346248890402,1.15613315414899,2.17809855517999,1.56136803893483,1.48679417954728,1.61225508568528
"506",2018-09-18,24.75,11,41,11,26.4309908945905,10.8580399097802,47.6622780513478,10.627854897917,0.948410512719029,2.24777610606646,1.63601968075422,1.49668145687859,1.68770051558734
"507",2018-09-19,10.61,4,47,4,26.2965116230233,10.8693967169978,47.12929580724,10.6576265060837,0.401422710268932,2.33862536889716,1.71281795098333,1.42566854216681,1.76642016004046
"508",2018-09-20,66.58,32,41,20,25.0415906931814,10.3198449796379,47.1189521426608,10.125016385597,2.53189476058518,2.03403689539489,1.50036093677108,1.39516357447379,1.55511482436641
"509",2018-09-21,17.57,8,41,8,28.3646634377269,12.0542573812669,46.6294359712479,10.9150150747492,0.701632744312211,2.20346154899089,1.65399104477658,1.37992751892574,1.57052359912969
"510",2018-09-22,10,5,37,5,27.5010903627088,11.7299167907656,46.1790810935481,10.6818138687693,0.352551336346876,2.15408418399686,1.61459156723607,1.38227930101654,1.55396082198645
"511",2018-09-23,19.35,9,52,9,26.1010031336921,11.1915234475043,45.4447546060642,10.2272687592677,0.703608465875173,2.16555582391361,1.63529153245029,1.3950683227388,1.57730535625588
"512",2018-09-24,36.81,14,66,14,25.5609228829967,11.016201571704,45.9691742375791,10.1290872585263,1.41029062413637,2.22304220543734,1.66502238594311,1.43432843784513,1.6115539290969
"513",2018-09-25,33.04,14,42,14,26.460849052357,11.2549054459676,47.5716402985728,10.4387602778442,1.29259808619737,2.33820859455192,1.71387144525282,1.53035685283753,1.6668762191325
"514",2018-09-26,25.71,11,39,11,26.9871811281684,11.4745130102902,47.125909074687,10.7236594556167,0.971624151180059,2.47711963407643,1.78131616740228,1.51245760995296,1.74043811565248
"515",2018-09-27,17.48,7,35,7,26.8850066379149,11.436551969467,46.475836348712,10.7457666991673,0.647714924985437,2.50367563470235,1.80778890105991,1.50378917619219,1.77072947775813
"516",2018-09-28,24.86,7,33,7,26.1326061068817,11.0816278119097,45.557769440815,10.446105363234,0.9246789608354,2.53440081018007,1.82860197881612,1.4548990814031,1.79391740815672
"517",2018-09-29,23.94,10,34,10,26.0307976183312,10.7550975869569,44.5531478855498,10.1704169341752,0.916096921297706,2.27258559959828,1.58738607545202,1.3919254782016,1.5510248438778
"518",2018-09-30,26.9,11,40,11,25.8635338088647,10.6946897800003,43.7088960547058,10.1567835794412,1.03339130803494,2.3433218969313,1.63194918729514,1.38989508762541,1.5988272961761
"519",2018-10-01,12.76,5,34,5,25.9464511041555,10.7191145976003,43.4121843703294,10.2242408930859,0.493358722527952,2.24875239146124,1.56963321121666,1.37155444332973,1.53876772958201
"520",2018-10-02,11.55,5,35,5,24.8915350158231,10.2615854297923,42.659209620703,9.80630162163905,0.445147583137109,2.23943388049818,1.55414225665165,1.33645531723945,1.54359951415717
"521",2018-10-03,25.4,10,31,10,23.8242122145572,9.84065859540891,42.0464728510468,9.42179749190793,1.02042722491215,2.11953650092481,1.46558021606504,1.32696925268031,1.45293868099158
"522",2018-10-04,25.51,10,36,10,23.9502752373927,9.85340590777619,41.162755022963,9.4680536925553,1.07075943457273,2.14203786619116,1.44534195873677,1.26923291361087,1.43327728664854
"523",2018-10-05,20.36,9,36,9,24.0750532184013,9.8651334351541,40.749734621126,9.51060939715087,0.850094614704582,2.23559180771705,1.49653922685418,1.26407857274825,1.50546092973092
"524",2018-10-06,18.64,8,23,8,23.7778489609292,9.79592276034177,40.3697558514359,9.46976064537881,0.774245432851335,2.21175598010618,1.51531597586894,1.25928134080239,1.52442669831705
"525",2018-10-07,26.77,9,39,9,23.3668210440548,9.65224893951443,38.9801753833211,9.3521797937485,1.12583775109294,2.26840044621481,1.55997486904991,1.24723983005616,1.57046114667101
"526",2018-10-08,27.98,8,25,7,23.6390753605304,9.60006902435328,38.9817613526554,9.32400541024862,1.19742432859171,2.42438842054869,1.64035223784841,1.28090856047421,1.65358854394302
"527",2018-10-09,6.99,3,42,3,23.986349331688,9.47206350240502,37.8632204444429,9.13808497742873,0.295696844880448,2.57560781392638,1.70844869235627,1.25548394043899,1.70883355169486
"528",2018-10-10,17.5,5,36,5,22.626641385153,8.95429842221262,38.1941628088875,8.64703817923444,0.729581636538621,2.24527275954256,1.55978983028342,1.28402705090042,1.55529192023144
"529",2018-10-11,21.75,7,37,7,22.2165100743407,8.63795454843561,38.0186297841765,8.35527512489568,0.961256230200908,2.15642745766818,1.49926704181542,1.29818633052735,1.49335414793233
"530",2018-10-12,36.68,14,28,14,22.1791892683935,8.50691818456076,37.9371394014424,8.24685311490403,1.6510243902963,2.20017141032793,1.51354229131207,1.30354375389734,1.50837537468655
"531",2018-10-13,8.22,3,26,3,23.339254126922,8.9463647297959,37.142168249327,8.7071048657117,0.370617694836751,2.365382371437,1.6533990390189,1.23911170461625,1.65220689819568
"532",2018-10-14,29.37,12,38,11,22.1297137967682,8.47065555141223,36.2507947893809,8.25053647645477,1.25839497013409,2.20203821222427,1.5750505915139,1.2458667390742,1.5720140970743
"533",2018-10-15,24.29,8,36,8,22.7089366930268,8.75300310729925,36.3907312062304,8.47049355833839,1.09761925631172,2.35548424358475,1.68723497645154,1.26141651997577,1.67119830040706
"534",2018-10-16,14.04,6,37,6,22.8354217575846,8.69276285871531,36.359472709732,8.43285407367132,0.618258802241113,2.50828227517079,1.76225233283,1.29203832814791,1.74845429558292
"535",2018-10-17,10.88,5,43,5,22.1317880169779,8.47734183001809,36.4107148929534,8.23822574777761,0.476452772166832,2.37861445605904,1.63714140169048,1.26911361180157,1.64857130116544
"536",2018-10-18,11.1,5,32,5,21.2316449756196,8.19915448361664,36.9378577015171,7.9791676879554,0.501541040944586,1.99558133092298,1.41270089251524,1.24475977027226,1.47833111936003
"537",2018-10-19,29.75,7,33,7,20.4211133775701,7.94322212492731,36.5428290853958,7.74083427291897,1.40121031762551,1.92387352295151,1.34640586088626,1.25401287344321,1.46450758993542
"538",2018-10-20,43.01,17,35,17,21.1674243073645,7.86776435493312,36.2594027585641,7.68156753108545,2.10615352869256,1.99937596403898,1.35008449756696,1.25859380873847,1.45960465427159
"539",2018-10-21,15.48,7,30,7,22.9148303627753,8.59834320653848,36.158650537879,8.42704212859862,0.731312406045278,2.08862449392039,1.41387559060248,1.26143484230575,1.51517791802219
"540",2018-10-22,9.03,5,35,5,22.3200439337533,8.4704757500154,35.6659584948487,8.31287875831073,0.394067940152377,1.92893847072147,1.37621928782563,1.27144461826898,1.48528850310968
"541",2018-10-23,5.59,3,31,3,21.256840419053,8.19283769001417,35.6126818152608,8.04784845764587,0.250447535703394,1.81053173518279,1.31664789762731,1.25540866862696,1.40966114733825
"542",2018-10-24,13.16,6,33,6,20.0034931855288,7.77741067481303,35.2436672700399,7.6440205810342,0.619094829737931,1.76787254567817,1.28665014620839,1.20954272311959,1.37177911903284
"543",2018-10-25,15.77,3,25,3,19.4560137306865,7.63521782082799,35.0641738884367,7.51249893455147,0.7883623052102,1.83960203605439,1.33456662123833,1.1907566539944,1.42105798188423
"544",2018-10-26,13.57,6,29,6,19.1611326322316,7.26440039516175,34.2590399773618,7.15149901978735,0.69747072487912,1.74896289592332,1.23053854769327,1.16166948072265,1.29941513666962
"545",2018-10-27,7.81,4,18,4,18.713842021653,7.16324836354881,33.8383167791728,7.05937909820436,0.407595946956838,1.72241994932249,1.21181827041452,1.10108067023408,1.27348865618562
"546",2018-10-28,9.23,4,29,4,17.8415346599208,6.91018849446491,32.571251436839,6.81462877034801,0.493217800455959,1.57871998910628,1.13686863967231,1.09031090546483,1.18724409097708
"547",2018-10-29,9.13,4,21,4,17.1526118871271,6.67737341490771,32.2855513218919,6.58945846872017,0.511727279857244,1.51659286325045,1.12946032797615,1.09801757716119,1.17654573149122
"548",2018-10-30,9.1,4,18,4,16.510802936157,6.4631835417151,31.3827072161405,6.38230179122256,0.530531446748904,1.35713027252014,1.03592543142394,1.05696952671639,1.08678813418194
"549",2018-10-31,56.4,8,25,8,15.9179387012644,6.26612885837789,30.3120906388493,6.19171764792476,3.41594531883666,1.33076551794171,1.00742921060528,1.0038473678999,1.05250892801243
"550",2018-11-01,12.01,6,25,6,19.1565036051633,6.40483854970766,29.8871233877414,6.33638023609078,0.754494675811637,1.57716399929654,1.03265103452833,1.00901008196887,1.07538593509558
"551",2018-11-02,39.95,9,28,6,18.5847833167502,6.37245146573105,29.496153516722,6.30946981720351,2.08545363096595,1.56774380162384,1.04361370246856,0.997481634014702,1.083949274275
"552",2018-11-03,18.92,9,25,8,20.2940006514102,6.58265534847256,29.3764612353843,6.28471223182723,1.01803715854721,1.83694031586993,1.1553283618012,0.984301809404049,1.15630863379566
"553",2018-11-04,15.16,6,31,5,20.1840805992974,6.77604292059476,29.0263443365535,6.42193525328106,0.747018799319225,1.91953262879617,1.2543960428474,1.00168990069554,1.24447931624448
"554",2018-11-05,10.97,5,40,5,19.7821541513536,6.71395948694718,29.1842367896293,6.30818043301857,0.543497631513713,2.0213317423734,1.32957854228146,1.02692024295691,1.30671461621496
"555",2018-11-06,12.46,5,30,5,19.0771818192453,6.57684272799141,30.0494978464589,6.20352599837709,0.629860626131428,1.93752546373288,1.30345114075031,1.03527387829097,1.28137316500572
"556",2018-11-07,9.13,4,33,4,18.5478072737057,6.45069530975209,30.0455380187422,6.10724391850692,0.47858221861625,1.70550388248289,1.16816877785626,0.996746887560042,1.16239756471755
"557",2018-11-08,18.3,9,44,8,17.7943826918092,6.25463968497193,30.2818949772428,5.93866440502637,0.986639538030084,1.58883465413599,1.07833167505513,0.98663449122787,1.06931951150619
"558",2018-11-09,16.3,7,33,7,17.8348320764645,6.47426851017417,31.3793433790634,6.10357125262426,0.916019413671648,1.62068939969535,1.14461809562978,1.02157134972567,1.12417239802755
"559",2018-11-10,9.22,5,30,5,17.7120455103473,6.51632702936024,31.5089959087383,6.17528555241432,0.51696589911643,1.65160909487652,1.17968875918016,1.03581902882551,1.16185129617667
"560",2018-11-11,23.29,4,36,4,17.0326818695195,6.39502086701142,31.3882762360393,6.08126270822117,1.3149243539598,1.61285391869926,1.18385391149839,1.04956976525651,1.16726559008081
"561",2018-11-12,20.4,10,35,10,17.533267319958,6.20341919765051,31.7572141371561,5.91476169156348,1.19769747103105,1.65424744207472,1.15525993575641,1.11220498756445,1.13897657848581
"562",2018-11-13,7.17,3,32,3,17.7626059343613,6.50714566183847,32.0166370061836,6.2415807562384,0.408936900872916,1.77090826188695,1.29620804164936,1.10749293799419,1.28490894679756
"563",2018-11-14,15.37,7,29,7,16.9151974596124,6.22657400889139,32.0153060456889,5.98225429573933,0.865300961851949,1.71835953206336,1.2407170332873,1.03287232991905,1.22864200398057
"564",2018-11-15,5.54,2,36,2,16.7915816628434,6.28844808818008,31.7740815620338,6.06367395208018,0.327516129399469,1.40950548820299,1.03820372055871,0.979572795135996,1.03839327612426
"565",2018-11-16,22.59,11,36,7,15.891455129816,5.94537224112567,32.1121550370711,5.73858003591377,1.34531698404489,1.20601291478657,0.921408478697392,0.976595419177273,0.917832237840668
"566",2018-11-17,4.02,2,30,2,16.4273387194307,6.34974246183562,32.4231826341054,5.83949363304067,0.252966136024735,1.26353404542275,0.989629262932389,1.00036972904157,0.93699750834826
"567",2018-11-18,15.14,6,35,6,15.4347516218762,6.00176306488877,32.229328023377,5.53233414239742,0.921634371737402,1.00995477946494,0.78321514887022,1.02320838316393,0.797906390946958
"568",2018-11-19,15.61,8,31,8,15.4111714921261,6.00162201969767,32.4509817815068,5.56974741100562,1.01135414306735,1.05405749896126,0.832409100162069,1.04483621068064,0.85178948603297
"569",2018-11-20,8.12,3,48,3,15.427077772756,6.16149225812186,32.3349032389863,5.76416761812517,0.526890509533858,1.05497690538061,0.856578061849068,1.0576029599568,0.876577145357202
"570",2018-11-21,15.07,6,35,6,14.8425115509356,5.90857287747211,33.5881109798674,5.54303420867516,0.976853829479836,1.01920087945853,0.81411142005986,1.07214817584653,0.838620359829176
"571",2018-11-22,9.91,5,36,4,14.8607106268607,5.91588704727434,33.701062101478,5.57959147198115,0.667676758477938,1.05297580376727,0.826578308634868,1.08218670606828,0.850426952882035
"572",2018-11-23,44.94,21,62,21,14.4646537767119,5.84261608349239,33.8849771333598,5.45322415422265,3.02408149437827,1.06797383410106,0.846202419734754,1.07467971469019,0.85795731133268
"573",2018-11-24,40.64,18,55,15,16.9026814745749,7.055206796813,36.134178962691,6.69696622188484,2.80960751825464,1.26044467443122,1.07024326593029,1.16532250210945,1.10010483870408
"574",2018-11-25,34.17,16,56,15,18.8016669566089,7.93079025306796,37.6434446456757,7.36120892413406,2.02157273397115,1.3844619687672,1.14197857013849,1.13770247778062,1.13588994898653
"575",2018-11-26,48.98,23,93,23,20.0311336000802,8.57632703282252,39.1119690740216,7.97231221020333,2.60508816122728,1.35833327087214,1.13007029130961,1.17664419259098,1.12569572146459
"576",2018-11-27,104.52,44,56,42,22.3470429120738,9.73022087019672,43.4230115480999,9.17452723338707,5.21787743453428,1.36696721425,1.27658641902203,1.29462301330756,1.28215534681657
"577",2018-11-28,30.42,14,55,14,28.9208794791079,12.471803200581,44.4291706242519,11.8005650547161,1.36125393053971,1.65125654598769,1.42172604356331,1.17981437622298,1.45630138478989
