"","Date","forecast","actual","error"
"1",2017-05-01,9.48957913688749,4.21099366624442,-5.27858547064308
"2",2017-05-02,9.47572956802392,4.33331417294486,-5.14241539507906
"3",2017-05-03,9.02675287855465,4.16824903910927,-4.85850383944537
"4",2017-05-04,9.14924441033045,4.40598911598053,-4.74325529434991
"5",2017-05-05,9.12788281225478,4.16790998670209,-4.95997282555269
"6",2017-05-06,9.07404474333303,4.19687718776592,-4.87716755556711
"7",2017-05-07,8.93518885974498,4.78912701274465,-4.14606184700034
"8",2017-05-08,5.44900335001227,5.14999685172508,-0.299006498287193
"9",2017-05-09,5.57625561429874,5.13639710358707,-0.439858510711674
"10",2017-05-10,5.46032527240529,5.30628533530011,-0.154039937105179
"11",2017-05-11,5.46230662626237,5.0057825084761,-0.456524117786273
"12",2017-05-12,5.48761241579083,4.60531990779801,-0.882292507992823
"13",2017-05-13,5.36214035568801,4.45129431517417,-0.910846040513843
"14",2017-05-14,5.32847424131863,4.33199076996024,-0.996483471358396
"15",2017-05-15,6.46081337278352,3.98543150836342,-2.4753818644201
"16",2017-05-16,6.58399495229747,3.96659698769434,-2.61739796460313
"17",2017-05-17,8.68566088700475,4.0780692286788,-4.60759165832595
"18",2017-05-18,8.60652555854729,4.03502369038449,-4.5715018681628
"19",2017-05-19,8.69484180678319,5.38982179515373,-3.30502001162946
"20",2017-05-20,8.5256701351928,5.07143605154143,-3.45423408365137
"21",2017-05-21,8.58862039725247,4.77852116741812,-3.81009922983435
"22",2017-05-22,6.0020811405582,4.73543947402467,-1.26664166653353
"23",2017-05-23,6.08126966813878,4.8110043161027,-1.27026535203609
"24",2017-05-24,6.37972505389946,4.72852397081448,-1.65120108308498
"25",2017-05-25,6.27652379214982,5.54624205314932,-0.730281739000493
"26",2017-05-26,6.32733966655148,5.55214268889738,-0.775196977654099
"27",2017-05-27,6.21999236245482,5.49917127378559,-0.720821088669235
"28",2017-05-28,6.12736378799841,5.50723757188274,-0.620126216115669
"29",2017-05-29,6.40153393283317,5.68185856613212,-0.719675366701047
"30",2017-05-30,6.43655119067237,5.57290988084155,-0.863641309830819
"31",2017-05-31,8.71517450049888,5.47347709037423,-3.24169741012465
"32",2017-06-01,9.01049288284141,5.31479892314429,-3.69569395969712
"33",2017-06-02,8.91135230542552,5.66961500929275,-3.24173729613278
"34",2017-06-03,8.82813566951819,5.50644580854933,-3.32168986096886
"35",2017-06-04,8.82547757966873,5.46033014386538,-3.36514743580335
"36",2017-06-05,7.92811923221896,5.41790373235615,-2.51021549986281
"37",2017-06-06,8.03329787050005,5.27487143376766,-2.75842643673239
"38",2017-06-07,7.54044320378203,5.98008171906625,-1.56036148471578
"39",2017-06-08,7.7185051243005,6.17367518154095,-1.54482994275955
"40",2017-06-09,7.75059801872834,6.51738116701767,-1.23321685171066
"41",2017-06-10,7.73505910634456,6.50079067365626,-1.2342684326883
"42",2017-06-11,7.65168072821578,6.20472741976376,-1.44695330845202
"43",2017-06-12,8.13917640166358,7.61154922618266,-0.527627175480919
"44",2017-06-13,8.1727210487636,8.46822528808805,0.295504239324451
"45",2017-06-14,6.45821303100294,8.444367265041,1.98615423403806
"46",2017-06-15,6.48078479744546,9.31681788383772,2.83603308639226
"47",2017-06-16,6.50880700710078,9.06587245313071,2.55706544602993
"48",2017-06-17,6.58791537889965,9.29020265688025,2.7022872779806
"49",2017-06-18,6.42839405466126,9.25498644432983,2.82659238966857
"50",2017-06-19,5.23683321712631,9.14178752878344,3.90495431165713
"51",2017-06-20,5.22667825273875,8.70404452648077,3.47736627374201
"52",2017-06-21,6.52784147598201,8.59732096436231,2.0694794883803
"53",2017-06-22,6.57509798953077,8.34793528721332,1.77283729768255
"54",2017-06-23,6.55912714725271,7.78970046423626,1.23057331698354
"55",2017-06-24,6.42723671441855,7.54972442709736,1.12248771267881
"56",2017-06-25,6.37794033442093,7.14654647292957,0.76860613850864
"57",2017-06-26,7.27935854536143,7.0260227550952,-0.253335790266224
"58",2017-06-27,7.33102794846761,7.78954093468759,0.458512986219977
"59",2017-06-28,7.68050646303801,7.95677765991258,0.276271196874575
"60",2017-06-29,7.70956599067304,8.38103544711958,0.671469456446534
"61",2017-06-30,7.6494238786536,9.27215261135001,1.62272873269641
"62",2017-07-01,7.77004593610933,9.64558040244201,1.87553446633268
"63",2017-07-02,7.59528675091728,9.40913397024665,1.81384721932937
"64",2017-07-03,9.75023737090411,9.19240325262692,-0.557834118277198
"65",2017-07-04,9.91835725868946,8.90901099241676,-1.0093462662727
"66",2017-07-05,11.5903272621257,8.91389011302342,-2.67643714910231
"67",2017-07-06,11.6747462254219,8.75597890398155,-2.91876732144035
"68",2017-07-07,11.61150894961,8.32270059166302,-3.28880835794699
"69",2017-07-08,11.6015764758613,8.29848454432998,-3.30309193153134
"70",2017-07-09,11.558050762513,7.99300578078358,-3.56504498172941
"71",2017-07-10,12.9112088917092,8.8855653183209,-4.02564357338829
"72",2017-07-11,12.9986084912152,9.44352009285523,-3.55508839835999
"73",2017-07-12,13.3904027619943,9.62163848542681,-3.76876427656751
"74",2017-07-13,13.3783190530848,9.20230740659266,-4.17601164649213
"75",2017-07-14,13.4202715464916,9.57812281406525,-3.84214873242632
"76",2017-07-15,13.3394024341507,8.98147298894003,-4.35792944521062
"77",2017-07-16,13.2918060360298,9.03095514982483,-4.26085088620498
"78",2017-07-17,14.7265485520011,9.20127873783884,-5.52526981416224
"79",2017-07-18,14.7378052053975,9.78197643881174,-4.95582876658576
"80",2017-07-19,12.5389236943614,9.5674183237068,-2.97150537065464
"81",2017-07-20,12.4334030119151,9.15802485781025,-3.27537815410484
"82",2017-07-21,12.5719718817509,9.41498286918543,-3.15698901256549
"83",2017-07-22,12.5257349889261,9.2289842396506,-3.29675074927549
"84",2017-07-23,12.4341455388719,8.86906550047855,-3.56508003839332
"85",2017-07-24,13.0072029871006,8.86034026044026,-4.14686272666036
"86",2017-07-25,13.1286845847378,8.96671303960504,-4.16197154513277
"87",2017-07-26,13.8113575644424,9.07657599643664,-4.73478156800574
"88",2017-07-27,13.7477663046701,8.85924991672171,-4.88851638794836
"89",2017-07-28,13.7307563379898,9.55290992338397,-4.17784641460585
"90",2017-07-29,13.7309810299153,9.46547712951326,-4.26550390040203
"91",2017-07-30,13.5952203101197,9.9634389591522,-3.63178135096749
"92",2017-07-31,15.4852098931005,9.84236384242002,-5.64284605068052
"93",2017-08-01,15.7217081711492,11.3117747350264,-4.40993343612278
"94",2017-08-02,14.6622129547227,12.2348327562243,-2.42738019849836
"95",2017-08-03,14.60285741832,11.9800461357264,-2.62281128259361
"96",2017-08-04,14.6758179362467,11.2728424448683,-3.40297549137843
"97",2017-08-05,14.5905990008268,10.8734150492788,-3.71718395154802
"98",2017-08-06,14.5249996614731,10.6931418453365,-3.83185781613661
"99",2017-08-07,13.0942196373754,14.3872904977096,1.29307086033416
"100",2017-08-08,13.2433038708295,15.4627072578928,2.21940338706326
"101",2017-08-09,13.9072538705603,15.7824906772614,1.87523680670109
"102",2017-08-10,14.1344204506978,14.9638914230805,0.829470972382632
"103",2017-08-11,14.1266606803452,14.400380109234,0.273719428888809
"104",2017-08-12,14.0881091325295,15.6147497004953,1.52664056796582
"105",2017-08-13,13.9508758019947,14.8367697244557,0.885893922460983
"106",2017-08-14,13.1469409062467,14.2010281464992,1.05408724025253
"107",2017-08-15,13.2250885011086,13.9897458947793,0.76465739367068
"108",2017-08-16,11.4966501995965,13.416966223197,1.92031602360045
"109",2017-08-17,11.7040681312034,14.8532089253412,3.14914079413776
"110",2017-08-18,11.6201654147412,14.4857522113139,2.8655867965727
"111",2017-08-19,11.6446243256329,14.5076920344088,2.86306770877588
"112",2017-08-20,11.4636913836106,14.6878766716561,3.22418528804553
"113",2017-08-21,13.3947660530414,15.2848465379236,1.8900804848822
"114",2017-08-22,13.5075458674194,15.3220588148897,1.81451294747031
"115",2017-08-23,12.7965890101829,15.6130941096985,2.81650509951559
"116",2017-08-24,12.7333233026978,14.7280465809227,1.9947232782249
"117",2017-08-25,12.7596455304763,14.3674028544488,1.60775732397255
"118",2017-08-26,12.7466040675338,15.0108106260929,2.26420655855918
"119",2017-08-27,12.6274954930051,15.0955457760055,2.46805028300036
"120",2017-08-28,12.4818612712706,15.2503021139251,2.76844084265448
"121",2017-08-29,12.6411026703989,15.5598779448111,2.91877527441218
"122",2017-08-30,17.4587156485185,15.1342877092262,-2.32442793929233
"123",2017-08-31,17.4334839812496,14.3003446924881,-3.13313928876152
"124",2017-09-01,17.5748228894396,13.660317117089,-3.91450577235059
"125",2017-09-02,17.4118249746795,13.1898917477219,-4.22193322695763
"126",2017-09-03,17.3168470683402,12.7947004079042,-4.52214666043608
"127",2017-09-04,19.427887329843,12.1447243752718,-7.28316295457114
"128",2017-09-05,19.5016851016259,13.3171464252501,-6.18453867637586
"129",2017-09-06,16.1630321145674,13.6669747112301,-2.49605740333731
"130",2017-09-07,16.2090106870637,13.0192167343317,-3.18979395273202
"131",2017-09-08,16.2629355506592,13.3232793955851,-2.93965615507406
"132",2017-09-09,16.2311711077428,12.6518170439383,-3.57935406380451
"133",2017-09-10,16.2038709249271,12.5316716804233,-3.67219924450383
"134",2017-09-11,16.9560533114748,12.4931379459894,-4.46291536548543
"135",2017-09-12,17.0765184708619,14.0080869103103,-3.06843156055169
"136",2017-09-13,15.7891804850404,14.1282399574854,-1.66094052755497
"137",2017-09-14,15.9154801457307,13.4843807608866,-2.43109938484415
"138",2017-09-15,15.898468370734,12.9528303000157,-2.94563807071835
"139",2017-09-16,15.8626332430451,12.8422038760144,-3.02042936703072
"140",2017-09-17,15.929980344412,11.9812275659333,-3.94875277847878
"141",2017-09-18,14.0447148568688,11.7587293606586,-2.28598549621018
"142",2017-09-19,14.2281904749633,11.2444310118059,-2.98375946315741
"143",2017-09-20,11.5703097573929,12.3112765308614,0.740966773468529
"144",2017-09-21,11.7335409600532,12.8727744083925,1.13923344833931
"145",2017-09-22,11.7511614045726,12.7669524557211,1.01579105114855
"146",2017-09-23,11.6713332249503,12.0527962592634,0.381463034313111
"147",2017-09-24,11.5276815216842,11.4981725585224,-0.0295089631618346
"148",2017-09-25,10.6053076643352,11.3167187538406,0.711411089505352
"149",2017-09-26,10.7512829085955,10.8945812535333,0.143298344937806
"150",2017-09-27,11.0742814230937,10.7382147532507,-0.336066669843047
"151",2017-09-28,11.0918812616478,10.3111575729906,-0.780723688657172
"152",2017-09-29,11.1559632909174,11.4542649671514,0.298301676233921
"153",2017-09-30,11.0319638415538,11.0371237697793,0.00515992822544575
"154",2017-10-01,11.1408246285776,11.5381538681969,0.397329239619348
"155",2017-10-02,8.70279267756155,11.1151015587412,2.41230888117961
"156",2017-10-03,8.77859274885705,11.2402934340419,2.46170068518482
"157",2017-10-04,8.15656725182536,11.1810699593185,3.02450270749316
"158",2017-10-05,8.15489425036924,10.768984362573,2.6140901122038
"159",2017-10-06,8.16491351879169,10.7506656135672,2.58575209477551
"160",2017-10-07,8.03781890563561,10.3010123644818,2.26319345884621
"161",2017-10-08,8.01612516145495,9.75053137532327,1.73440621386832
"162",2017-10-09,10.5743620057678,9.31288886529741,-1.26147314047036
"163",2017-10-10,10.7178398005868,10.0774577560736,-0.640382044513204
"164",2017-10-11,10.5458312633803,10.3024611355877,-0.243370127792602
"165",2017-10-12,10.6355892753727,10.0806642447407,-0.554925030631951
"166",2017-10-13,10.573974552614,9.86701110516146,-0.706963447452582
"167",2017-10-14,10.5520697086766,10.0496502167485,-0.502419491928086
"168",2017-10-15,10.4594393259037,9.64087819940866,-0.81856112649508
"169",2017-10-16,7.59433444426977,9.10400794345597,1.50967349918619
"170",2017-10-17,7.83245952327148,9.30448730797949,1.47202778470801
"171",2017-10-18,7.31893941590311,10.6393283233411,3.32038890743802
"172",2017-10-19,7.46176041419304,10.6145820574738,3.1528216432808
"173",2017-10-20,7.35644607994684,10.5870154928759,3.23056941292909
"174",2017-10-21,7.43115761243848,10.9712542534459,3.54009664100738
"175",2017-10-22,7.37315944918168,11.5711539131702,4.19799446398852
"176",2017-10-23,9.8363464075784,11.7406616001166,1.90431519253818
"177",2017-10-24,9.86347268194708,11.3150086721073,1.45153599016018
"178",2017-10-25,9.46017751881948,10.5762079783387,1.11603045951919
"179",2017-10-26,9.55057693466039,10.9557113400716,1.40513440541119
"180",2017-10-27,9.50708696790793,10.8648544328659,1.35776746495792
"181",2017-10-28,9.42621966388348,11.3012660782366,1.8750464143531
"182",2017-10-29,9.41468308537698,11.3099647919777,1.89528170660068
"183",2017-10-30,7.77236751309203,12.1659676086194,4.39360009552742
"184",2017-10-31,7.92208134316071,11.9614901999299,4.03940885676918
"185",2017-11-01,7.10306561234007,12.1461709839355,5.04310537159543
"186",2017-11-02,7.04350857636343,11.8544773052207,4.81096872885723
"187",2017-11-03,7.02414927780029,11.047719120803,4.02356984300272
"188",2017-11-04,7.0332524583828,10.5151015911388,3.48184913275597
"189",2017-11-05,6.93627225253097,9.78669346384767,2.8504212113167
"190",2017-11-06,8.69605216851565,9.84615798673986,1.1501058182242
"191",2017-11-07,8.72797426256241,10.8752653478007,2.14729108523826
"192",2017-11-08,8.8830189833563,11.1996441199766,2.31662513662032
"193",2017-11-09,8.979564100248,11.0044725903785,2.02490849013049
"194",2017-11-10,9.02788252520842,10.7241147831482,1.69623225793979
"195",2017-11-11,8.95626541751161,10.5605856004964,1.60432018298474
"196",2017-11-12,8.90595259926391,10.5989387524566,1.69298615319274
"197",2017-11-13,10.5152491354844,10.0302236522601,-0.485025483224305
"198",2017-11-14,10.6523609987498,9.8438057600793,-0.808555238670539
"199",2017-11-15,9.4096259606902,11.913101299273,2.50347533858276
"200",2017-11-16,9.44738929455522,13.1768531953311,3.72946390077591
"201",2017-11-17,9.59035500369828,13.0011049397046,3.41074993600635
"202",2017-11-18,9.44259494989186,15.2826165445283,5.84002159463641
"203",2017-11-19,9.45529259035159,14.620807220966,5.16551463061441
"204",2017-11-20,19.9798300577505,14.6231426432887,-5.35668741446175
"205",2017-11-21,20.2135582974449,14.5628912318256,-5.65066706561932
"206",2017-11-22,21.659141719424,14.1130599332796,-7.54608178614442
"207",2017-11-23,21.6877281547901,13.5440151386172,-8.14371301617289
"208",2017-11-24,21.6196950593001,13.4100939275278,-8.2096011317723
"209",2017-11-25,21.5821599497345,13.5804864133256,-8.00167353640888
"210",2017-11-26,21.55735721636,14.7468475002596,-6.81050971610043
"211",2017-11-27,17.1346975041578,16.3478997002388,-0.786797803919026
"212",2017-11-28,17.2128469073362,17.5144677242197,0.301620816883478
"213",2017-11-29,17.112680169752,18.4405103062821,1.32783013653012
"214",2017-11-30,17.0921215991718,18.9636694817796,1.87154788260774
"215",2017-12-01,17.2766009939717,18.5041759232372,1.22757492926546
"216",2017-12-02,17.1136030792116,17.5486418493782,0.435038770166571
"217",2017-12-03,17.0186251728723,18.086350501428,1.06772532855561
"218",2017-12-04,16.6006160146323,17.9106424613137,1.31002644668142
"219",2017-12-05,16.6744137864153,18.5345910644086,1.86017727799334
"220",2017-12-06,15.9894470398793,20.4774237792559,4.4879767393766
"221",2017-12-07,15.9757407779165,19.5320298769155,3.55628909899891
"222",2017-12-08,16.029665641512,18.5310674867622,2.50140184525018
"223",2017-12-09,15.9979011985957,18.6917820878212,2.69388088922556
"224",2017-12-10,15.9706010157799,18.8628395207955,2.89223850501561
"225",2017-12-11,15.7679794670237,19.2578123591319,3.48983289210821
"226",2017-12-12,15.8884446264108,19.4555873704014,3.56714274399055
"227",2017-12-13,14.8664752646415,18.9591403807692,4.09266511612772
"228",2017-12-14,14.9579587718974,19.7032091503077,4.74525037841031
"229",2017-12-15,14.9409469969007,19.2573524182831,4.31640542138242
"230",2017-12-16,14.9051118692118,21.4079642248204,6.50285235560865
"231",2017-12-17,14.9724589705787,23.2089270868348,8.23646811625612
"232",2017-12-18,12.4943441065552,22.052212919888,9.5578688133328
"233",2017-12-19,12.6778197246498,22.674435886297,9.99661616164721
"234",2017-12-20,12.9389938716542,22.7732810153932,9.83428714373901
"235",2017-12-21,13.1420149639539,21.4890185341618,8.34700357020785
"236",2017-12-22,13.1596354084733,20.3098970514288,7.15026164295555
"237",2017-12-23,13.079807228851,18.6851052873145,5.6052980584635
"238",2017-12-24,12.9361555255849,18.4574968643294,5.52134133874446
"239",2017-12-25,8.38615951957806,17.332897115183,8.94673759560495
"240",2017-12-26,8.53213476383836,16.2982653459684,7.76613058213001
"241",2017-12-27,9.65123915049333,17.0368041182909,7.38556496779757
"242",2017-12-28,9.64397030802278,16.2306597888276,6.58668948080485
"243",2017-12-29,9.70805233729244,15.8138070057214,6.10575466842898
"244",2017-12-30,9.5840528879288,15.6519024452637,6.0678495573349
"245",2017-12-31,9.56298874036268,15.7549502496426,6.19196150927993
"246",2018-01-01,6.08281335007131,14.6369542296712,8.55414087959989
"247",2018-01-02,6.07883214251407,13.7139978912975,7.63516574878344
"248",2018-01-03,9.87575343788095,12.8232780599937,2.94752462211276
"249",2018-01-04,9.90871771796811,12.3462158151942,2.4374980972261
"250",2018-01-05,9.88735611989244,12.5137185499787,2.62636243008624
"251",2018-01-06,9.83351805097069,12.1294210659804,2.29590301500969
"252",2018-01-07,9.69466216738265,12.099867380702,2.40520521331931
"253",2018-01-08,9.63228821474001,12.5006779902458,2.86838977550579
"254",2018-01-09,9.75954047902649,12.7198237510261,2.96028327199965
"255",2018-01-10,9.37824151308077,11.907037850944,2.52879633786328
"256",2018-01-11,9.35038044970831,11.5024748228685,2.15209437316021
"257",2018-01-12,9.37568623923677,11.919876837039,2.54419059780227
"258",2018-01-13,9.25021417913395,12.0454866900759,2.79527251094197
"259",2018-01-14,9.21654806476457,12.0914477548698,2.87489969010528
"260",2018-01-15,10.0369060550783,11.2337319344803,1.19682587940197
"261",2018-01-16,10.1600876345922,11.0190333797218,0.858945745129596
"262",2018-01-17,9.87343595282917,11.7327107093441,1.85927475651492
"263",2018-01-18,9.86393293124066,11.2020938525966,1.3381609213559
"264",2018-01-19,9.95224917947656,10.8523263443888,0.900077164912277
"265",2018-01-20,9.78307750788617,10.8545402368377,1.07146272895156
"266",2018-01-21,9.84602776994584,10.2309770178907,0.384949247944876
"267",2018-01-22,11.2077657754532,9.88929885645946,-1.31846691899372
"268",2018-01-23,11.2869543030338,9.6581549479427,-1.62879935509106
"269",2018-01-24,11.5854096887944,9.84390255210729,-1.74150713668715
"270",2018-01-25,11.666236666627,9.7411903479387,-1.9250463186883
"271",2018-01-26,11.7170525410287,10.0426951201036,-1.67435742092506
"272",2018-01-27,11.609705236932,10.9512795104953,-0.65842572643669
"273",2018-01-28,11.5170766624756,10.8287771496557,-0.688299512819901
"274",2018-01-29,12.4185284570557,10.7152749776832,-1.70325347937245
"275",2018-01-30,12.4535457148949,11.8964529794686,-0.557092735426316
"276",2018-01-31,14.9975376487737,11.8239367411111,-3.17360090766257
"277",2018-02-01,15.1685126259931,11.4204218018222,-3.74809082417088
"278",2018-02-02,15.0693720485772,11.5331880576764,-3.53618399090076
"279",2018-02-03,14.9861554126699,11.1497330130623,-3.83642239960754
"280",2018-02-04,14.9834973228204,12.0073543720173,-2.97614295080307
"281",2018-02-05,13.3428160584242,12.3907660222559,-0.952050036168226
"282",2018-02-06,13.4479946967053,11.9227047404755,-1.52528995622979
"283",2018-02-07,10.8321910375692,11.5200883612374,0.687897323668269
"284",2018-02-08,10.9256994426039,11.5632812923384,0.637581849734525
"285",2018-02-09,10.9577923370317,11.3950187889514,0.437226451919615
"286",2018-02-10,10.942253424648,10.6914172858353,-0.250836138812712
"287",2018-02-11,10.8588750465192,10.8073039029684,-0.0515711435507562
"288",2018-02-12,8.84793243324495,10.386719590731,1.53878715748601
"289",2018-02-13,8.88147708034497,10.6685820234725,1.78710494312752
"290",2018-02-14,7.96307493474109,10.4494954615947,2.48642052685359
"291",2018-02-15,7.83146087883096,10.2871358246671,2.45567494583616
"292",2018-02-16,7.85948308848627,10.5769649586937,2.71748187020747
"293",2018-02-17,7.93859146028514,10.4156077619982,2.4770163017131
"294",2018-02-18,7.77907013604675,10.6791591410384,2.90008900499164
"295",2018-02-19,9.92274102779929,9.96162640975531,0.0388853819560211
"296",2018-02-20,9.91258606341174,10.2486962969749,0.336110233563147
"297",2018-02-21,11.7444865347595,9.7040005932169,-2.04048594154261
"298",2018-02-22,11.8812702999969,10.3980805457595,-1.48318975423737
"299",2018-02-23,11.8652994577189,9.84463410209878,-2.02066535562008
"300",2018-02-24,11.7334090248847,10.9946633739309,-0.738745650953815
"301",2018-02-25,11.6841126448871,11.1830903040164,-0.501022340870664
"302",2018-02-26,10.0592917820653,11.0668430796951,1.00755129762978
"303",2018-02-27,10.1109611851715,10.6902956333195,0.579334448147989
"304",2018-02-28,10.4604396997419,10.3206719826539,-0.139767717087965
"305",2018-03-01,10.7352469128999,10.0558182240416,-0.679428688858327
"306",2018-03-02,10.6361063354841,9.71695276611829,-0.919153569365765
"307",2018-03-03,10.5528896995767,9.15159654482883,-1.40129315474789
"308",2018-03-04,10.5502316097273,9.26426882124252,-1.28596278848474
"309",2018-03-05,7.39753067253654,9.03032731554312,1.63279664300658
"310",2018-03-06,7.50270931081763,9.09830113029967,1.59559181948204
"311",2018-03-07,7.27522326815188,9.0824370398757,1.80721377172382
"312",2018-03-08,7.35878420077678,8.63904207668564,1.28025787590886
"313",2018-03-09,7.39087709520461,8.24551871055079,0.854641615346178
"314",2018-03-10,7.37533818282083,8.18107721370673,0.805739030885896
"315",2018-03-11,7.29195980469206,7.95219103661019,0.660231231918134
"316",2018-03-12,6.00373859231956,8.03121575368137,2.02747716136181
"317",2018-03-13,6.03728323941958,8.96311849338687,2.92583525396729
"318",2018-03-14,9.09941045459961,8.39406901391592,-0.705341440683691
"319",2018-03-15,9.12695595724705,8.81694349280264,-0.310012464444412
"320",2018-03-16,9.15497816690237,9.85318801337843,0.698209846476063
"321",2018-03-17,9.23408653870124,10.0489329723082,0.814846433606919
"322",2018-03-18,9.07456521446284,9.3946183345235,0.32005312006066
"323",2018-03-19,11.9541900783455,9.59504886776162,-2.3591412105839
"324",2018-03-20,11.944035113958,10.0690449583407,-1.87499015561728
"325",2018-03-21,11.3876179688354,9.94272136167344,-1.44489660716197
"326",2018-03-22,11.4299007461792,9.52330365273956,-1.90659709343968
"327",2018-03-23,11.4139299039012,9.5766393605204,-1.83729054338079
"328",2018-03-24,11.282039471067,8.81050821167877,-2.47153125938826
"329",2018-03-25,11.2327430910694,8.70086755474447,-2.53187553632494
"330",2018-03-26,12.5353864689248,8.90959815036491,-3.62578831855991
"331",2018-03-27,12.587055872031,8.86403029833572,-3.72302557369528
"332",2018-03-28,11.8750598903924,8.52530787446886,-3.34975201592349
"333",2018-03-29,11.9687779886914,9.58888324451135,-2.37989474418006
"334",2018-03-30,11.908635876672,9.64417258495044,-2.26446329172153
"335",2018-03-31,11.8993329995378,10.1934387781544,-1.70589422138341
"336",2018-04-01,11.9650532999517,10.2307636759021,-1.73428962404962
"337",2018-04-02,11.4682438981672,11.2635025818299,-0.204741316337309
"338",2018-04-03,11.5440439694627,12.3288223752835,0.784778405820797
"339",2018-04-04,11.9834929686401,11.9945165852608,0.0110236166207685
"340",2018-04-05,11.9967411757987,11.69575525844,-0.30098591735875
"341",2018-04-06,12.0067604442212,11.7792948377648,-0.227465606456395
"342",2018-04-07,11.8796658310651,12.2345512507436,0.354885419678505
"343",2018-04-08,11.8579720868844,12.2149871506841,0.357015063799681
"344",2018-04-09,12.7105507089707,11.7641881786294,-0.946362530341331
"345",2018-04-10,12.8540285037898,11.686253124339,-1.16777537945074
"346",2018-04-11,13.7434944627923,11.5825528743919,-2.16094158840041
"347",2018-04-12,13.7934625851452,11.9639486444405,-1.82951394070469
"348",2018-04-13,13.7318478623866,11.4524327528853,-2.27941510950131
"349",2018-04-14,13.7099430184492,10.9506381326545,-2.75930488579472
"350",2018-04-15,13.6173126356763,10.6161870820421,-3.00112555363419
"351",2018-04-16,12.1189839318286,10.4764921154788,-1.64249181634989
"352",2018-04-17,12.3571090108303,10.6975727462405,-1.65953626458989
"353",2018-04-18,13.1704320237233,11.1361669265412,-2.03426509718206
"354",2018-04-19,13.2684893961689,10.9268735724179,-2.34161582375096
"355",2018-04-20,13.1631750619227,10.7839236866245,-2.3792513752982
"356",2018-04-21,13.2378865944143,11.5884097916945,-1.64947680271979
"357",2018-04-22,13.1798884311575,10.661337008359,-2.51855142279856
"358",2018-04-23,13.9840712175573,10.7884300476902,-3.19564116986708
"359",2018-04-24,14.011197491926,10.538155643875,-3.47304184805097
"360",2018-04-25,13.8732709528507,10.514303192365,-3.35896776048564
"361",2018-04-26,13.9785915773064,9.99235893697583,-3.98623264033053
"362",2018-04-27,13.9351016105539,9.83537022201776,-4.09973138853614
"363",2018-04-28,13.8542343065295,9.53734060425634,-4.31689370227311
"364",2018-04-29,13.8426977280229,9.63195335591583,-4.21074437210711
"365",2018-04-30,12.0443915851624,9.19339708744257,-2.85099449771984
"366",2018-05-01,12.324030349821,8.74512532044717,-3.57890502937381
"367",2018-05-02,12.856746877708,8.86631529481139,-3.99043158289659
"368",2018-05-03,12.8570761757644,8.77221007122648,-4.08486610453792
"369",2018-05-04,12.9300366936911,9.59683326552836,-3.33320342816274
"370",2018-05-05,12.8448177582712,9.3066866042861,-3.53813115398514
"371",2018-05-06,12.7792184189175,9.91095167594321,-2.86826674297431
"372",2018-05-07,12.0663729755426,9.43807554186775,-2.62829743367481
"373",2018-05-08,12.2154572089967,9.55822949851833,-2.65722771047837
"374",2018-05-09,11.8179327125184,10.3895711386369,-1.42836157388154
"375",2018-05-10,11.9207558875328,9.87920544754592,-2.04155043998692
"376",2018-05-11,11.9129961171802,9.80486901174224,-2.10812710543798
"377",2018-05-12,11.8744445693645,9.81487949080286,-2.05956507856163
"378",2018-05-13,11.7372112388297,9.93848913153863,-1.79872210729107
"379",2018-05-14,9.48343736760213,9.98741000101554,0.50397263341341
"380",2018-05-15,9.56158496246405,9.3148172009343,-0.246767761529748
"381",2018-05-16,11.017570149579,10.8008318248596,-0.21673832471949
"382",2018-05-17,11.1653032467269,10.6719652788708,-0.493337967856098
"383",2018-05-18,11.0814005302647,10.4334080565611,-0.64799247370353
"384",2018-05-19,11.1058594411564,10.1555354120362,-0.950324029120123
"385",2018-05-20,10.924926499134,10.6254925790733,-0.299433920060666
"386",2018-05-21,9.18306786292187,10.7298531727475,1.5467853098256
"387",2018-05-22,9.29584767729988,11.0618649189277,1.7660172416278
"388",2018-05-23,10.177102564377,11.4729157254135,1.29581316103648
"389",2018-05-24,9.97954597935883,11.5542824673804,1.57473648802156
"390",2018-05-25,10.0058682071374,12.07313986999,2.06727166285259
"391",2018-05-26,9.99282674419484,11.9016886803908,1.90886193619593
"392",2018-05-27,9.87371816966622,11.5895535859595,1.71583541629329
"393",2018-05-28,10.6312185756981,12.5823892990827,1.9511707233846
"394",2018-05-29,10.7904599748264,12.5165981551561,1.72613818032968
"395",2018-05-30,11.8929122162144,12.6400703027436,0.747158086529206
"396",2018-05-31,12.0865249419622,12.1944646785241,0.107939736561935
"397",2018-06-01,12.2278638501522,11.9053075042422,-0.322556345910018
"398",2018-06-02,12.0648659353921,11.1136829039028,-0.951183031489309
"399",2018-06-03,11.9698880290528,11.1077882715906,-0.862099757462234
"400",2018-06-04,14.585367513054,12.0127652098634,-2.57260230319065
"401",2018-06-05,14.659165284837,12.1717439930743,-2.4874212917627
"402",2018-06-06,15.0356730345101,12.1308044736284,-2.90486856088173
"403",2018-06-07,15.0766778708015,15.7291401157381,0.652462244936613
"404",2018-06-08,15.130602734397,16.041208906479,0.910606172082067
"405",2018-06-09,15.0988382914806,14.9187121939607,-0.180126097519894
"406",2018-06-10,15.0715381086649,14.6084152184439,-0.463122890221003
"407",2018-06-11,14.3809111169077,14.7245420009684,0.34363088406066
"408",2018-06-12,14.5013762762948,16.3673786408909,1.86600236459609
"409",2018-06-13,14.5408814107346,15.7011883496196,1.16030693888506
"410",2018-06-14,14.6224174455806,15.33069328165,0.708275836069459
"411",2018-06-15,14.6054056705839,15.572237819118,0.966832148534181
"412",2018-06-16,14.569570542895,15.0568587935886,0.487288250693618
"413",2018-06-17,14.6369176442619,14.1963100901015,-0.440607554160374
"414",2018-06-18,14.3880928357945,13.2238052828934,-1.16428755290109
"415",2018-06-19,14.571568453889,13.4779008602619,-1.0936675936271
"416",2018-06-20,14.302005352789,12.727668791441,-1.57433656134799
"417",2018-06-21,14.4602628192443,13.1926552881257,-1.26760753111864
"418",2018-06-22,14.4778832637637,12.7580428650756,-1.71984039868805
"419",2018-06-23,14.3980550841414,14.7957994358696,0.397744351728146
"420",2018-06-24,14.2544033808753,15.514535481,1.26013210012471
"421",2018-06-25,10.4791752966177,14.68617264252,4.20699734590236
"422",2018-06-26,10.625150540878,15.4544788311184,4.82932829024046
"423",2018-06-27,13.0710980477942,16.4445205246289,3.37342247683473
"424",2018-06-28,13.0538817329138,16.3633588826586,3.30947714974481
"425",2018-06-29,13.1179637621835,17.1894901720459,4.07152640986246
"426",2018-06-30,12.9939643128199,16.8879309582823,3.89396664546242
"427",2018-07-01,13.1028250998436,18.0184964816197,4.91567138177608
"428",2018-07-02,15.5135498693138,17.0738167630901,1.56026689377628
"429",2018-07-03,15.5893499406093,18.1543114220429,2.56496148143357
"430",2018-07-04,16.8249048119435,18.2259665082795,1.40106169633601
"431",2018-07-05,16.8779429087415,17.9086891876171,1.0307462788756
"432",2018-07-06,16.887962177164,18.7775940526077,1.88963187544379
"433",2018-07-07,16.7608675640079,18.8881865283991,2.12731896439125
"434",2018-07-08,16.7391738198272,18.2651316061272,1.52595778629998
"435",2018-07-09,20.9063899038174,17.991121077637,-2.91526882618034
"436",2018-07-10,21.0498676986364,18.1470313914261,-2.90283630721036
"437",2018-07-11,21.6739650335867,20.688868880112,-0.985096153474739
"438",2018-07-12,21.7338806283495,20.012159369703,-1.72172125864648
"439",2018-07-13,21.6722659055909,19.9871866201268,-1.6850792854641
"440",2018-07-14,21.6503610616535,18.7146116905166,-2.93574937113682
"441",2018-07-15,21.5577306788806,19.1246427552753,-2.43308792360527
"442",2018-07-16,22.2497462728173,20.1682713348533,-2.08147493796406
"443",2018-07-17,22.4878713518191,21.113209628065,-1.37466172375403
"444",2018-07-18,21.9743512444507,21.2609528578198,-0.71339838663086
"445",2018-07-19,22.0724086168963,22.0664766291942,-0.00593198770204495
"446",2018-07-20,21.9670942826501,22.0947584988587,0.127664216208615
"447",2018-07-21,22.0418058151417,23.48717781895,1.44537200380829
"448",2018-07-22,21.9838076518849,24.806603593434,2.82279594154909
"449",2018-07-23,23.6515006129962,24.4460753059593,0.794574692963039
"450",2018-07-24,23.6786268873649,24.8983892814825,1.21976239411762
"451",2018-07-25,24.8675434685509,25.5193181389639,0.651774670413054
"452",2018-07-26,24.8982580499327,26.7473726878468,1.84911463791413
"453",2018-07-27,24.8547680831802,26.7963828728191,1.94161478963884
"454",2018-07-28,24.7739007791558,26.5806722429936,1.80677146383776
"455",2018-07-29,24.7623642006493,25.3406184635541,0.578254262904785
"456",2018-07-30,25.5855744575477,25.9741689864697,0.388594528922088
"457",2018-07-31,25.7352882876163,26.1554354675522,0.420147179935828
"458",2018-08-01,24.3855353086912,25.679000630148,1.2934653214568
"459",2018-08-02,24.2165560762062,25.3206805797362,1.10412450352996
"460",2018-08-03,24.1971967776431,28.3702261333573,4.1730293557142
"461",2018-08-04,24.2062999582256,27.4302080426887,3.22390808446312
"462",2018-08-05,24.1093197523737,27.3285913992736,3.21927164689985
"463",2018-08-06,27.1423248112344,26.4255040873317,-0.71682072390271
"464",2018-08-07,27.1742469052812,26.8162637603452,-0.357983144936007
"465",2018-08-08,27.0639230020228,26.2869626595176,-0.776960342505241
"466",2018-08-09,27.2102054809638,26.0904056467562,-1.11979983420759
"467",2018-08-10,27.2585239059242,26.9759731950157,-0.282550710908502
"468",2018-08-11,27.1869067982274,26.9978953394144,-0.189011458812946
"469",2018-08-12,27.1365939799797,26.2564637122613,-0.8801302677184
"470",2018-08-13,28.0320345074951,25.5295466152804,-2.50248789221475
"471",2018-08-14,28.1691463707605,24.7255828860579,-3.4435634847026
"472",2018-08-15,27.4571485808054,25.4707362551733,-1.98641232563212
"473",2018-08-16,27.5744916939492,25.1362773547594,-2.43821433918979
"474",2018-08-17,27.7174574030923,24.1189751663787,-3.59848223671361
"475",2018-08-18,27.5696973492859,24.6318571530684,-2.93784019621748
"476",2018-08-19,27.5823949897456,24.8605085808229,-2.72188640892269
"477",2018-08-20,28.3567082973634,25.3580678943571,-2.99864040300631
"478",2018-08-21,28.5904365370579,28.1262224628085,-0.464214074249345
"479",2018-08-22,26.8515964704098,29.1545246657838,2.30292819537405
"480",2018-08-23,26.8602879609562,29.1669626925211,2.30667473156493
"481",2018-08-24,26.7922548654662,28.3904056771194,1.59815081165321
"482",2018-08-25,26.7547197559006,27.0095732229499,0.254853467049305
"483",2018-08-26,26.7299170225261,26.0168073651139,-0.713109657412186
"484",2018-08-27,27.5065806844515,26.0890627759048,-1.4175179085467
"485",2018-08-28,27.5847300876299,26.6499377538324,-0.934792333797475
"486",2018-08-29,27.2191947259934,26.1643427335258,-1.05485199246759
"487",2018-08-30,27.0941876951098,26.7735953148438,-0.320592380266046
"488",2018-08-31,27.1487421553198,26.5885076896563,-0.560234465663587
"489",2018-09-01,27.2262237261657,27.4070270744838,0.180803348318086
"490",2018-09-02,27.0514645409736,27.0712649085251,0.01980036755144
"491",2018-09-03,28.7811066853981,26.0943637158431,-2.68674296955501
"492",2018-09-04,28.9492265731834,28.0308146185756,-0.918411954607794
"493",2018-09-05,27.1714044639403,28.7067494490896,1.53534498514926
"494",2018-09-06,27.3254557341054,28.3686094931624,1.04315375905699
"495",2018-09-07,27.2622184582935,28.5071207337094,1.24490227541589
"496",2018-09-08,27.2522859845448,28.8393510750127,1.58706509046783
"497",2018-09-09,27.2087602711965,28.3554029890116,1.14664271781514
"498",2018-09-10,25.4087370245268,29.7933707498907,4.38463372536395
"499",2018-09-11,25.4961366240328,28.8955010898995,3.39936446586667
"500",2018-09-12,25.0918250226551,27.5814610027075,2.48963598005239
"501",2018-09-13,25.119531203385,27.8125441224909,2.69301291910592
"502",2018-09-14,25.1614836967918,26.8507405926916,1.68925689589987
"503",2018-09-15,25.0806145844508,27.5290813452763,2.44846676082546
"504",2018-09-16,25.03301818633,26.1907548376542,1.1577366513242
"505",2018-09-17,25.5582679239824,26.0962944506419,0.538026526659468
"506",2018-09-18,25.5695245773788,26.4309908945905,0.861466317211715
"507",2018-09-19,23.1052744422905,26.2965116230233,3.19123718073278
"508",2018-09-20,23.0246224408688,25.0415906931814,2.01696825231265
"509",2018-09-21,23.1631913107046,28.3646634377269,5.20147212702231
"510",2018-09-22,23.1169544178798,27.5010903627088,4.38413594482899
"511",2018-09-23,23.0253649678255,26.1010031336921,3.07563816586651
"512",2018-09-24,24.5376852069508,25.5609228829967,1.02323767604587
"513",2018-09-25,24.659166804588,26.460849052357,1.80168224776895
"514",2018-09-26,24.5457339121358,26.9871811281684,2.44144721603261
"515",2018-09-27,24.5368537506177,26.8850066379149,2.34815288729728
"516",2018-09-28,24.5198437839374,26.1326061068817,1.61276232294433
"517",2018-09-29,24.5200684758629,26.0307976183312,1.51072914246834
"518",2018-09-30,24.3843077560673,25.8635338088647,1.47922605279744
"519",2018-10-01,21.8216337645164,25.9464511041555,4.12481733963913
"520",2018-10-02,21.8176525569592,24.8915350158231,3.07388245886394
"521",2018-10-03,22.4301503636989,23.8242122145572,1.39406185085833
"522",2018-10-04,22.5227994782452,23.9502752373927,1.4274757591475
"523",2018-10-05,22.5014378801695,24.0750532184013,1.57361533823176
"524",2018-10-06,22.4475998112477,23.7778489609292,1.33024914968141
"525",2018-10-07,22.3087439276597,23.3668210440548,1.05807711639512
"526",2018-10-08,22.3468700978107,23.6390753605304,1.29220526271973
"527",2018-10-09,22.4741223620972,23.986349331688,1.51222696959081
"528",2018-10-10,21.0313488999424,22.626641385153,1.59529248521054
"529",2018-10-11,21.0731201434389,22.2165100743407,1.14338993090182
"530",2018-10-12,21.0984259329674,22.1791892683935,1.0807633354261
"531",2018-10-13,20.9729538728646,23.339254126922,2.36630025405744
"532",2018-10-14,20.9392877584952,22.1297137967682,1.19042603827306
"533",2018-10-15,19.004377421076,22.7089366930268,3.70455927195082
"534",2018-10-16,19.1275590005899,22.8354217575846,3.70786275699472
"535",2018-10-17,20.1677504390881,22.1317880169779,1.96403757788972
"536",2018-10-18,20.133378736475,21.2316449756196,1.09826623914463
"537",2018-10-19,20.2216949847109,20.4211133775701,0.199418392859162
"538",2018-10-20,20.0525233131205,21.1674243073645,1.11490099424395
"539",2018-10-21,20.1154735751802,22.9148303627753,2.79935678759512
"540",2018-10-22,18.8259324170121,22.3200439337533,3.4941115167412
"541",2018-10-23,18.9051209445927,21.256840419053,2.35171947446035
"542",2018-10-24,18.4074704581966,20.0034931855288,1.59602272733221
"543",2018-10-25,18.4783499636193,19.4560137306865,0.977663767067199
"544",2018-10-26,18.5291658380209,19.1611326322316,0.631966794210619
"545",2018-10-27,18.4218185339243,18.713842021653,0.292023487728756
"546",2018-10-28,18.3291899594679,17.8415346599208,-0.487655299547082
"547",2018-10-29,18.722374142644,17.1526118871271,-1.56976225551687
"548",2018-10-30,18.7573914004832,16.510802936157,-2.24658846432625
"549",2018-10-31,18.9130657178916,15.9179387012644,-2.99512701662723
"550",2018-11-01,19.0740932227012,19.1565036051633,0.0824103824620472
"551",2018-11-02,18.9749526452853,18.5847833167502,-0.390169328535123
"552",2018-11-03,18.891736009378,20.2940006514102,1.4022646420322
"553",2018-11-04,18.8890779195285,20.1840805992974,1.29500267976884
"554",2018-11-05,23.3130066031276,19.7821541513536,-3.53085245177399
"555",2018-11-06,23.4181852414087,19.0771818192453,-4.34100342216336
"556",2018-11-07,21.5984874544293,18.5478072737057,-3.05068018072367
"557",2018-11-08,21.7118908042838,17.7943826918092,-3.91750811247456
"558",2018-11-09,21.7439836987116,17.8348320764645,-3.90915162224714
"559",2018-11-10,21.7284447863278,17.7120455103473,-4.01639927598052
"560",2018-11-11,21.6450664081991,17.0326818695195,-4.61238453867953
"561",2018-11-12,22.0760680882621,17.533267319958,-4.54280076830411
"562",2018-11-13,22.1096127353621,17.7626059343613,-4.34700680100076
"563",2018-11-14,22.2526850859673,16.9151974596124,-5.33748762635484
"564",2018-11-15,22.2852043248196,16.7915816628434,-5.4936226619762
"565",2018-11-16,22.313226534475,15.891455129816,-6.42177140465899
"566",2018-11-17,22.3923349062738,16.4273387194307,-5.96499618684314
"567",2018-11-18,22.2328135820354,15.4347516218762,-6.7980619601592
"568",2018-11-19,29.9601562258396,15.4111714921261,-14.5489847337134
"569",2018-11-20,29.950001261452,15.427077772756,-14.522923488696
"570",2018-11-21,29.924321364434,14.8425115509356,-15.0818098134984
"571",2018-11-22,30.0014202952123,14.8607106268607,-15.1407096683515
"572",2018-11-23,29.9854494529342,14.4646537767119,-15.5207956762223
"573",2018-11-24,29.8535590201,16.9026814745749,-12.9508775455251
"574",2018-11-25,29.8042626401024,18.8016669566089,-11.0025956834935
"575",2018-11-26,28.3562244353616,20.0311336000802,-8.32509083528139
"576",2018-11-27,28.4078938384678,22.3470429120738,-6.06085092639399
"577",2018-11-28,28.4920037289859,28.9208794791079,0.428875750121968
"578",2018-11-29,28.6105905083096,29.0408091207793,0.430218612469666
"579",2018-11-30,28.5504483962902,28.6119443911169,0.0614959948267639
"580",2018-12-01,28.6710704537459,28.1829888398276,-0.488081613918315
"581",2018-12-02,28.4963112685538,26.4667497326414,-2.02956153591247
"582",2018-12-03,29.8379463199696,26.4206097540301,-3.41733656593952
"583",2018-12-04,30.0060662077549,26.4461609737076,-3.55990523404727
"584",2018-12-05,29.5550872187731,26.620868095811,-2.93421912296207
"585",2018-12-06,29.6046900286348,26.8759986481462,-2.72869138048864
"586",2018-12-07,29.5414527528229,27.5387187562945,-2.00273399652845
"587",2018-12-08,29.5315202790742,28.6100212557909,-0.921499023283317
"588",2018-12-09,29.4879945657259,27.8900195553276,-1.59797501039826
"589",2018-12-10,31.2729889948577,27.6036179909014,-3.66937100395629
"590",2018-12-11,31.3603885943638,29.0305285516293,-2.32986004273444
"591",2018-12-12,31.4868142410906,29.864886267499,-1.62192797359162
"592",2018-12-13,31.4697567959761,30.6060953660991,-0.863661429877087
"593",2018-12-14,31.5117092893829,32.4584077368111,0.946698447428201
"594",2018-12-15,31.430840177042,31.7921351178662,0.361294940824237
"595",2018-12-16,31.3832437789212,33.2431643084369,1.85992052951578
"596",2018-12-17,25.0297059819243,35.191711163762,10.1620051818377
"597",2018-12-18,25.0409626353207,35.227574270661,10.1866116353403
"598",2018-12-19,24.168924244546,34.3597683290082,10.1908440844622
"599",2018-12-20,24.103193451739,32.2797868626875,8.17659341094849
"600",2018-12-21,24.2417623215748,30.4486039136725,6.20684159209766
"601",2018-12-22,24.19552542875,28.8495156005787,4.6539901718287
"602",2018-12-23,24.1039359786958,26.8775543525324,2.77361837383662
"603",2018-12-24,20.1271549501819,26.3161500043298,6.1889950541479
"604",2018-12-25,20.2486365478191,24.5460580039834,4.29742145616433
"605",2018-12-26,21.7274153996804,23.2543733636648,1.52695796398431
"606",2018-12-27,21.6886928209328,22.0340234945716,0.345330673638816
"607",2018-12-28,21.6716828542525,20.9441016150059,-0.727581239246661
"608",2018-12-29,21.671907546178,20.9549734858054,-0.716934060372591
"609",2018-12-30,21.5361468263824,20.122575606941,-1.41357121944142
"610",2018-12-31,14.8661414550775,20.9135695583857,6.0474281033082
"611",2019-01-01,15.1026397331261,20.9076839937148,5.80504426058868
"612",2019-01-02,17.7583052534312,20.1630692742176,2.4047640207864
"613",2019-01-03,17.7437133428729,19.9412237322802,2.19751038940736
"614",2019-01-04,17.8166738607996,19.5259258336978,1.70925197289824
"615",2019-01-05,17.7314549253797,19.256651767002,1.52519684162227
"616",2019-01-06,17.665855586026,20.1145196256418,2.44866403961583
"617",2019-01-07,16.8092413490399,20.4421580555905,3.63291670655056
"618",2019-01-08,16.9583255824941,22.9763854111432,6.01805982864918
"619",2019-01-09,16.2954324619635,21.9590745782518,5.66364211628828
"620",2019-01-10,16.328623330109,20.5863486119916,4.25772528188265
"621",2019-01-11,16.3208635597564,20.2890407230323,3.96817716327593
"622",2019-01-12,16.2823120119407,19.4867174651897,3.20440545324908
"623",2019-01-13,16.1450786814059,18.6805800679745,2.53550138656868
"624",2019-01-14,15.8654470656096,18.4621336625366,2.59668659692695
"625",2019-01-15,15.9435946604716,18.9307629695337,2.9871683090621
"626",2019-01-16,16.6034739754298,18.240301931971,1.63682795654119
"627",2019-01-17,16.8108919070367,17.4810777774133,0.670185870376578
"628",2019-01-18,16.7269891905745,17.7793915552202,1.05240236464575
"629",2019-01-19,16.7514481014662,18.2530402308026,1.50159212933643
"630",2019-01-20,16.5705151594438,18.2535970123384,1.68308185289457
"631",2019-01-21,18.9000046498091,18.8205092513513,-0.0794953984577624
"632",2019-01-22,19.0127844641871,19.9420685112432,0.929284047056129
"633",2019-01-23,19.0979334791074,20.8771030303438,1.77916955123634
"634",2019-01-24,19.0694839250567,20.6965347879163,1.62705086285956
"635",2019-01-25,19.0958061528352,19.868812004883,0.773005852047717
"636",2019-01-26,19.0827646898927,18.8577070444923,-0.225057645400383
"637",2019-01-27,18.9636561153641,18.6266904809329,-0.336965634431149
"638",2019-01-28,18.9444121254483,18.3293552424583,-0.615056882990014
"639",2019-01-29,19.1036535245766,23.3622068230616,4.25855329848502
"640",2019-01-30,18.613894021651,23.0756302772167,4.46173625556567
"641",2019-01-31,18.7130057595053,22.6735798550394,3.96057409553412
"642",2019-02-01,18.8543446676953,21.7308934666362,2.87654879894095
"643",2019-02-02,18.6913467529352,21.5028219893053,2.81147523637014
"644",2019-02-03,18.5963688465959,22.6217962301609,4.02542738356502
"645",2019-02-04,19.3898167421888,22.912852531748,3.52303578955921
"646",2019-02-05,19.4636145139718,22.5974243292082,3.13380981523639
"647",2019-02-06,19.5747536395926,22.8312303828715,3.25647674327891
"648",2019-02-07,19.5461261690151,22.4847319522418,2.93860578322674
"649",2019-02-08,19.6000510326106,21.5611533960625,1.9611023634519
"650",2019-02-09,19.5682865896942,20.6146611243775,1.04637453468327
"651",2019-02-10,19.5409864068785,19.7062882344273,0.165301827548813
"652",2019-02-11,15.9569881000676,20.8889851756731,4.93199707560549
"653",2019-02-12,16.0774532594547,20.2058663616192,4.12841310216454
"654",2019-02-13,16.1169583938945,19.7061970526897,3.58923865879524
"655",2019-02-14,16.0542560787977,19.5993012884745,3.54504520967685
"656",2019-02-15,16.037244303801,19.1841571853966,3.14691288159561
"657",2019-02-16,16.0014091761121,18.7070246105648,2.70561543445277
"658",2019-02-17,16.068756277479,17.8664626417197,1.79770636424067
"659",2019-02-18,16.4306684287466,17.3811456303821,0.950477201635483
"660",2019-02-19,16.6141440468411,16.3186539799515,-0.295490066889627
"661",2019-02-20,16.6099495697933,16.2451616615554,-0.364787908237936
"662",2019-02-21,16.812970662093,15.924748728631,-0.888221933462063
"663",2019-02-22,16.8305911066124,15.2075688303405,-1.6230222762719
"664",2019-02-23,16.7507629269901,14.2365633239133,-2.51419960307689
"665",2019-02-24,16.607111223724,14.6576382580002,-1.94947296572382
"666",2019-02-25,15.3630787072285,16.2450271973602,0.881948490131718
"667",2019-02-26,15.5090539514888,16.9358250215714,1.4267710700826
"668",2019-02-27,16.6281583381437,16.6417590198457,0.0136006817019272
"669",2019-02-28,16.7551803732061,16.576818298258,-0.178362074948136
"670",2019-03-01,16.920771738056,16.9082728343974,-0.0124989036586314
"671",2019-03-02,16.7577738232959,16.3868110076456,-0.370962815650334
"672",2019-03-03,16.6627959169566,17.3174661270339,0.65467021007732
"673",2019-03-04,16.9525347999814,17.4848688368712,0.532334036889822
"674",2019-03-05,17.0263325717644,18.3900793299215,1.36374675815715
"675",2019-03-06,18.1989461935942,19.4428729835278,1.24392678993356
"676",2019-03-07,18.1603712506068,19.7074431448456,1.54707189423874
"677",2019-03-08,18.2142961142023,19.1004476932579,0.886151579055596
"678",2019-03-09,18.182531671286,18.5708118777973,0.388280206511325
"679",2019-03-10,18.1552314884702,18.4371469275735,0.281915439103287
"680",2019-03-11,15.6990741503507,17.8381751733676,2.13910102301694
"681",2019-03-12,15.8195393097378,17.5759211594982,1.75638184976044
"682",2019-03-13,16.3897816922821,18.5034474667384,2.1136657744563
"683",2019-03-14,16.4713177271281,17.0231716693993,0.551853942271205
"684",2019-03-15,16.4543059521314,17.3349179358474,0.880611983715987
"685",2019-03-16,16.4184708244425,18.1201245009796,1.70165367653708
"686",2019-03-17,16.4858179258094,19.9489145409012,3.46309661509181
"687",2019-03-18,16.6514508554853,21.1578013776291,4.50635052214381
"688",2019-03-19,16.8349264735798,20.7523772674188,3.91745079383893
"689",2019-03-20,16.5653633724798,20.2569870860253,3.6916237135455
"690",2019-03-21,16.7285945751401,20.5548281191433,3.82623354400318
"691",2019-03-22,16.7462150196594,19.6936418696118,2.94742684995236
"692",2019-03-23,16.6663868400372,18.9461505200429,2.27976368000567
"693",2019-03-24,16.5227351367711,18.9320584784394,2.40932334166837
"694",2019-03-25,18.6545478508986,19.6838938001643,1.02934594926566
"695",2019-03-26,18.8005230951589,19.5235822961511,0.723059200992214
"696",2019-03-27,19.6542588577616,20.228095712459,0.573836854697422
"697",2019-03-28,19.651963751496,19.9562480554623,0.304284303966323
"698",2019-03-29,19.7160457807657,19.2749482110253,-0.441097569740318
"699",2019-03-30,19.592046331402,18.8145523541433,-0.777493977258708
"700",2019-03-31,19.5709821838359,18.7893881658119,-0.781594018024052
"701",2019-04-01,18.8995230828918,19.4374371125469,0.537914029655123
"702",2019-04-02,18.8955418753345,18.9584421435432,0.0629002682086224
"703",2019-04-03,20.3041455542311,19.4473667720597,-0.856778782171371
"704",2019-04-04,20.4117158773921,18.0571774302949,-2.35453844709717
"705",2019-04-05,20.3903542793164,17.8142032358713,-2.5761510434451
"706",2019-04-06,20.3365162103947,17.8698669770016,-2.46664923339306
"707",2019-04-07,20.1976603268066,16.8530776188415,-3.34458270796514
"708",2019-04-08,20.9546940062761,16.1832314093342,-4.77146259694187
"709",2019-04-09,21.0819462705625,15.9605728965874,-5.12137337397509
"710",2019-04-10,20.4352786805646,17.3197270648605,-3.1155516157041
"711",2019-04-11,20.4621287154463,16.8837488996716,-3.57837981577464
"712",2019-04-12,20.4874345049747,16.7722489876979,-3.71518551727683
"713",2019-04-13,20.3619624448719,16.2152690686821,-4.14669337618984
"714",2019-04-14,20.3282963305025,17.4036475431875,-2.92464878731503
"715",2019-04-15,18.8717066694277,18.1473557397325,-0.724350929695227
"716",2019-04-16,18.9948882489417,17.5219672805539,-1.47292096838778
"717",2019-04-17,18.4428679431263,19.3698098981096,0.926941954983235
"718",2019-04-18,18.3637326146689,18.9794251062608,0.615692491591929
"719",2019-04-19,18.4520488629048,20.24027109776,1.78822223485516
"720",2019-04-20,18.2828771913144,19.2434494099392,0.960572218624758
"721",2019-04-21,18.3458274533741,19.196773457144,0.850946003769955
"722",2019-04-22,17.4682657863493,19.6698315805725,2.20156579422315
"723",2019-04-23,17.5474543139299,20.1042450541267,2.55679074019677
"724",2019-04-24,18.9073841958996,19.2943054497966,0.386921253896919
"725",2019-04-25,18.9981586461421,18.2499610138128,-0.748197632329223
"726",2019-04-26,19.0489745205437,18.1963641327078,-0.852610387835906
"727",2019-04-27,18.9416272164471,18.3910550020912,-0.550572214355874
"728",2019-04-28,18.8489986419907,17.7189706019239,-1.13002804006676
"729",2019-04-29,18.6846277400346,17.85105295377,-0.833574786264631
"730",2019-04-30,18.7196449978738,18.6045687174684,-0.115076280405432
"731",2019-05-01,18.7398756258199,17.9498032200709,-0.790072405748951
"732",2019-05-02,18.6604236450235,18.5554189624652,-0.105004682558281
"733",2019-05-03,18.6410643464604,18.346185445468,-0.294878900992362
"734",2019-05-04,18.6501675270429,17.6552906098306,-0.994876917212309
"735",2019-05-05,18.5531873211911,17.9580673610441,-0.595119960146928
"736",2019-05-06,19.4338281601043,17.5422219721606,-1.89160618794373
"737",2019-05-07,19.4657502541511,17.3924442143878,-2.07330603976334
"738",2019-05-08,20.4169008471018,17.1546486772367,-3.26225216986502
"739",2019-05-09,20.5034984915836,16.8686767830578,-3.63482170852582
"740",2019-05-10,20.551816916544,17.0223826404132,-3.52943427613086
"741",2019-05-11,20.4801998088472,16.9141920291801,-3.5660077796671
"742",2019-05-12,20.4298869905995,16.9138566668457,-3.51603032375381
"743",2019-05-13,17.0236072443224,18.0799481334981,1.05634088917565
"744",2019-05-14,17.1607191075878,19.6023522828182,2.44163317523038
"745",2019-05-15,18.0409330619463,19.0373641001928,0.996431038246488
"746",2019-05-16,18.0786963958113,18.0991749721773,0.020478576366056
"747",2019-05-17,18.2216621049543,16.9840409744031,-1.2376211305512
"748",2019-05-18,18.0739020511479,16.4701176964509,-1.60378435469702
"749",2019-05-19,18.0865996916077,17.3261082807348,-0.760491410872831
"750",2019-05-20,17.0933025168129,19.036019618276,1.94271710146317
"751",2019-05-21,17.3270307565073,18.949138048814,1.62210729230662
"752",2019-05-22,18.5072455544341,17.9324070049088,-0.574838549525289
"753",2019-05-23,18.3368825416033,19.0010144445161,0.664131902912878
"754",2019-05-24,18.2688494461133,18.5545332889548,0.285683842841554
"755",2019-05-25,18.2313143365476,19.4781706258385,1.24685628929082
"756",2019-05-26,18.2065116031731,19.3599169757714,1.15340537259825
"757",2019-05-27,23.5916845002525,18.8671236177097,-4.7245608825428
"758",2019-05-28,23.6698339034309,19.7105537282929,-3.95928017513797
"759",2019-05-29,25.6926161582647,20.7833094300295,-4.90930672823526
"760",2019-05-30,25.7964009928076,23.5478446756271,-2.24855631718053
"761",2019-05-31,25.8509554530177,25.3632171015769,-0.487738351440747
"762",2019-06-01,25.9284370238635,25.9477597334508,0.0193227095872786
"763",2019-06-02,25.7536778386715,24.2911389547747,-1.46253888389673
"764",2019-06-03,21.9168571190158,23.0662478383928,1.14939071937695
"765",2019-06-04,22.0849770068012,22.7473480113213,0.662371004520182
"766",2019-06-05,21.3686293937671,22.4411601704156,1.07253077664854
"767",2019-06-06,21.4928382467027,23.0610673567824,1.56822911007973
"768",2019-06-07,21.4296009708908,24.1897819682398,2.76018099734902
"769",2019-06-08,21.4196684971421,23.8257994107806,2.40613091363853
"770",2019-06-09,21.3761427837937,24.5941354579182,3.21799267412441
"771",2019-06-10,22.3248527918226,26.4938046212847,4.16895182946209
"772",2019-06-11,22.4122523913286,27.8743002515819,5.46204786025329
"773",2019-06-12,22.2733094140032,27.4515562314554,5.17824681745216
"774",2019-06-13,22.2512782326839,27.217031732939,4.9657535002551
"775",2019-06-14,22.2932307260906,26.2924691943038,3.99923846821321
"776",2019-06-15,22.2123616137497,26.1370716587595,3.92471004500982
"777",2019-06-16,22.1647652156289,27.6301059260588,5.4653407104299
"778",2019-06-17,20.3670919469465,27.1780974519741,6.8110055050276
"779",2019-06-18,20.3783486003429,27.1622496558161,6.78390105547327
"780",2019-06-19,21.0985219538817,26.3012696833509,5.20274772946917
"781",2019-06-20,21.0278174248698,26.9939681086828,5.96615068381298
"782",2019-06-21,21.1663862947056,25.7336506599882,4.56726436528253
"783",2019-06-22,21.1201494018808,25.4389586071891,4.31880920530831
"784",2019-06-23,21.0285599518266,27.154241918614,6.1256819667874
"785",2019-06-24,21.2998815616702,28.2731025651249,6.97322100345471
"786",2019-06-25,21.4213631593073,27.9624543599149,6.54109120060754
"787",2019-06-26,21.5732988909074,28.8430580111217,7.26975912021431
"788",2019-06-27,21.5544712569794,28.775613370232,7.22114211325257
"789",2019-06-28,21.5374612902991,27.4463643006134,5.90890301031426
"790",2019-06-29,21.5376859822246,28.6658551565643,7.12816917433972
"791",2019-06-30,21.401925262429,29.0237867440392,7.62186148161018
"792",2019-07-01,21.9489282901366,29.6802838045161,7.73135551437943
"793",2019-07-02,21.9449470825794,30.1442611001548,8.19931401757539
"794",2019-07-03,23.8842880095804,29.6711202121424,5.78683220256195
"795",2019-07-04,23.9918583327415,29.064630595171,5.07277226242953
"796",2019-07-05,23.9704967346658,28.6706601475573,4.70016341289152
"797",2019-07-06,23.916658665744,27.2202073357527,3.30354867000869
"798",2019-07-07,23.777802782156,26.9281907488925,3.15038796673651
"799",2019-07-08,24.7054024966739,28.1531354889811,3.44773299230722
"800",2019-07-09,24.8326547609604,31.9424846498626,7.10982988890225
"801",2019-07-10,26.3089361633805,31.9086858778736,5.59974971449314
"802",2019-07-11,26.3258387258523,32.2639910076437,5.9381522817914
"803",2019-07-12,26.3511445153808,32.4596717270322,6.10852721165144
"804",2019-07-13,26.225672455278,31.8260979888697,5.60042553359168
"805",2019-07-14,26.1920063409086,33.8024101497601,7.61040380885148
"806",2019-07-15,28.0477310712364,36.5886173377793,8.54088626654288
"807",2019-07-16,28.1709126507504,37.9735279507569,9.80261530000658
"808",2019-07-17,27.0881550968305,36.8572457146964,9.76909061786587
"809",2019-07-18,26.9841510873484,35.4478660575207,8.46371497017225
"810",2019-07-19,27.0724673355843,34.565636772919,7.4931694373347
"811",2019-07-20,26.9032956639939,32.9075858310855,6.00429016709157
"812",2019-07-21,26.9662459260536,32.3221789645987,5.35593303854506
"813",2019-07-22,27.4057676034762,33.5676046474308,6.1618370439546
"814",2019-07-23,27.4849561310568,34.7621962756363,7.27724014457956
"815",2019-07-24,28.5795173889742,34.6812205735854,6.1017031846112
"816",2019-07-25,28.6155807409625,35.4011229276986,6.78554218673613
"817",2019-07-26,28.6663966153641,35.2634330934827,6.59703647811859
"818",2019-07-27,28.5590493112675,34.7783584460041,6.21930913473662
"819",2019-07-28,28.466420736811,33.1384897703238,4.67206903351271
"820",2019-07-29,30.9273873748583,33.9794105886979,3.0520232138395
"821",2019-07-30,30.9624046326975,34.366657741602,3.40425310890448
"822",2019-07-31,31.3834475741582,34.8693251222739,3.48587754811563
"823",2019-08-01,31.4748427720989,34.850179112492,3.37533634039309
"824",2019-08-02,31.375702194683,33.6941647834926,2.31846258880963
"825",2019-08-03,31.2924855587756,32.8250316008132,1.53254604203756
"826",2019-08-04,31.2898274689262,31.1070290727481,-0.18279839617804
"827",2019-08-05,31.6306574047776,31.1976667469283,-0.432990657849331
"828",2019-08-06,31.7358360430587,33.178653407174,1.44281736411532
"829",2019-08-07,29.1200323839226,32.6771611346001,3.55712875067749
"830",2019-08-08,29.2483569423918,32.2069882438321,2.95863130144027
"831",2019-08-09,29.2804498368197,32.7424291843255,3.46197934750587
"832",2019-08-10,29.2649109244359,33.1358348495795,3.8709239251436
"833",2019-08-11,29.1815325463071,35.1753680616131,5.99383551530602
"834",2019-08-12,28.4933672300714,35.4909386166841,6.9975713866127
"835",2019-08-13,28.5269118771714,35.9852635273494,7.45835165017795
"836",2019-08-14,29.9968273480379,36.4032424451614,6.40641509712353
"837",2019-08-15,30.1039526299641,37.3245830495485,7.22063041958438
"838",2019-08-16,30.1319748396194,36.8482164055846,6.71624156596518
"839",2019-08-17,30.2110832114183,36.6707590931379,6.45967588171955
"840",2019-08-18,30.0515618871799,36.9298983656868,6.87833647850692
"841",2019-08-19,29.8415877290641,37.5043064964319,7.66271876736774
"842",2019-08-20,29.8314327646766,37.0575619767173,7.22612921204074
"843",2019-08-21,29.275015619554,37.8617570185799,8.58674139902592
"844",2019-08-22,29.3222721331028,35.9336164570935,6.61134432399076
"845",2019-08-23,29.3063012908247,34.0717271405261,4.76542584970134
"846",2019-08-24,29.1744108579906,32.333988969284,3.15957811129341
"847",2019-08-25,29.1251144779929,30.9800698517413,1.85495537374831
"848",2019-08-26,33.8843194453174,30.612064263602,-3.27225518171545
"849",2019-08-27,33.9359888484236,30.4686991225138,-3.46728972590979
"850",2019-08-28,31.1010438743669,32.5904031927127,1.48935931834583
"851",2019-08-29,31.0903135123625,32.0751709372957,0.984857424933182
"852",2019-08-30,31.0301714003431,30.885157262312,-0.14501413803103
"853",2019-08-31,31.0208685232089,30.1559446813271,-0.864923841881843
"854",2019-09-01,31.0865888236228,30.9442691068209,-0.142319716801865
"855",2019-09-02,31.5619619189346,30.7255275782752,-0.83643434065938
"856",2019-09-03,31.6377619902301,33.9882853720132,2.3505233817831
"857",2019-09-04,30.7503678691462,32.2204225422522,1.47005467310599
"858",2019-09-05,30.8630908004033,31.630788738872,0.767697938468672
"859",2019-09-06,30.8731100688258,29.5923256397622,-1.28078442906353
"860",2019-09-07,30.7460154556697,28.5905395885813,-2.15547586708843
"861",2019-09-08,30.724321711489,28.7272964214948,-1.99702528999427
"862",2019-09-09,27.6100052781886,29.0067127077752,1.3967074295866
"863",2019-09-10,27.7534830730076,30.8093756911532,3.05589261814553
"864",2019-09-11,26.2546314155398,29.9110256358609,3.65639422032107
"865",2019-09-12,26.3692581085568,28.907743584992,2.53848547643525
"866",2019-09-13,26.3076433857982,28.9039240981927,2.59628071239451
"867",2019-09-14,26.2857385418608,28.8804101703373,2.59467162847652
"868",2019-09-15,26.1931081590879,27.6779773567103,1.48486919762242
"869",2019-09-16,27.6392974073902,26.2429391681735,-1.39635823921672
"870",2019-09-17,27.8774224863919,29.5691040347196,1.6916815483277
"871",2019-09-18,25.77169063471,29.631575711942,3.85988507723206
"872",2019-09-19,25.8946166881802,29.1874496549867,3.29283296680648
"873",2019-09-20,25.789302353934,27.6756536825877,1.88635132865374
"874",2019-09-21,25.8640138864256,28.3760013879807,2.51198750155509
"875",2019-09-22,25.8060157231688,26.7571212769423,0.951105553773431
"876",2019-09-23,24.9210849773524,26.8757515747869,1.95466659743446
"877",2019-09-24,24.9482112517211,26.4384914488039,1.49028019708283
"878",2019-09-25,25.6063905848026,25.7882121328996,0.181821548097069
"879",2019-09-26,25.6918162644385,25.2819551622676,-0.409861102170883
"880",2019-09-27,25.6483262976861,23.8793987492862,-1.76892754839983
"881",2019-09-28,25.5674589936616,22.9466468493433,-2.62081214431829
"882",2019-09-29,25.5559224151551,23.3941151013959,-2.16180731375925
"883",2019-09-30,25.403564795545,24.9913858932842,-0.412178902260827
"884",2019-10-01,25.6832035602036,24.7328750218215,-0.950328538382127
"885",2019-10-02,25.6851828399861,25.7542450200758,0.0690621800896665
"886",2019-10-03,25.6755646656326,24.9227054184697,-0.752859247162952
"887",2019-10-04,25.7485251835593,24.0320889849921,-1.71643619856723
"888",2019-10-05,25.6633062481395,22.6023218661927,-3.06098438194673
"889",2019-10-06,25.5977069087858,21.9093361168973,-3.68837079188844
"890",2019-10-07,22.1703835614954,20.9637892275455,-1.20659433394988
"891",2019-10-08,22.3194677949496,22.2698860893419,-0.0495817056076611
"892",2019-10-09,22.4526805465758,24.1786952021946,1.72601465561876
"893",2019-10-10,22.5505299853853,23.068399586019,0.517869600633691
"894",2019-10-11,22.5427702150327,22.0965276191375,-0.446242595895214
"895",2019-10-12,22.5042186672169,23.6184054096065,1.11418674238952
"896",2019-10-13,22.3669853366822,23.657732976838,1.29074764015579
"897",2019-10-14,21.204754597195,22.6667143386909,1.46195974149587
"898",2019-10-15,21.282902192057,22.4525771915956,1.16967499953869
"899",2019-10-16,20.3505697627016,23.733971016268,3.38340125356637
"900",2019-10-17,20.5530139581036,23.6144533349666,3.06143937686292
"901",2019-10-18,20.4691112416414,22.1852970681692,1.71618582652783
"902",2019-10-19,20.4935701525331,22.1744733027157,1.68090315018259
"903",2019-10-20,20.3126372105108,22.4469154384984,2.13427822798769
"904",2019-10-21,22.3366733840981,21.8943622034186,-0.442311180679511
"905",2019-10-22,22.4494531984761,20.6540132271451,-1.795439971331
"906",2019-10-23,21.4731277171874,21.2464921689735,-0.226635548213885
"907",2019-10-24,21.4446781631366,21.5635727954556,0.118894632318959
"908",2019-10-25,21.4710003909152,21.4504869718192,-0.0205134190960337
"909",2019-10-26,21.4579589279727,22.5168480140736,1.05888908610097
"910",2019-10-27,21.338850353444,22.4819001729477,1.1430498195037
"911",2019-10-28,18.2461684179126,21.6289481591119,3.38277974119931
"912",2019-10-29,18.4054098170409,21.373832306383,2.96842248934206
"913",2019-10-30,18.1810189381676,22.2079257218723,4.02690678370474
"914",2019-10-31,18.2801306760218,21.2648916641225,2.98476098810074
"915",2019-11-01,18.4214695842118,21.6437003309927,3.22223074678091
"916",2019-11-02,18.2584716694517,20.3410043045133,2.08253263506158
"917",2019-11-03,18.1634937631124,19.0817239601522,0.918230197039811
"918",2019-11-04,22.5020905404238,19.6647860433401,-2.83730449708371
"919",2019-11-05,22.5758883122068,18.5780031598729,-3.99788515233389
"920",2019-11-06,21.6255529416185,18.742162907083,-2.88339003453551
"921",2019-11-07,21.6068729434508,19.7171898745164,-1.88968306893443
"922",2019-11-08,21.6607978070463,26.3222146845551,4.66141687750875
"923",2019-11-09,21.62903336413,26.5988375097907,4.96980414566071
"924",2019-11-10,21.6017331813142,27.9541305090074,6.3523973276932
"925",2019-11-11,23.041653030413,25.9002000682868,2.85854703787383
"926",2019-11-12,23.1621181898001,25.7833840628239,2.62126587302378
"927",2019-11-13,23.4669919482921,25.332713337798,1.86572138950586
"928",2019-11-14,23.5684229279579,25.0716962707741,1.50327334281629
"929",2019-11-15,23.5514111529611,26.6251605691122,3.07374941615108
"930",2019-11-16,23.5155760252722,24.4951477235832,0.979571698310988
"931",2019-11-17,23.5829231266392,23.9771359056966,0.394212779057423
"932",2019-11-18,34.3943762252255,22.8629650332409,-11.5314111919846
"933",2019-11-19,34.57785184332,23.2867278305816,-11.2911240127384
"934",2019-11-20,34.0429201181677,23.6109896041351,-10.4319305140326
"935",2019-11-21,34.2409674742625,22.9965104358043,-11.2444570384582
"936",2019-11-22,34.2585879187818,23.3607896009399,-10.8977983178419
"937",2019-11-23,34.1787597391596,22.3127264328647,-11.8660333062948
"938",2019-11-24,34.0351080358934,22.5221083182355,-11.5129997176579
"939",2019-11-25,33.3625555200205,24.2907396527767,-9.07181586724379
"940",2019-11-26,33.5085307642808,23.4842804805546,-10.0242502837262
"941",2019-11-27,33.5661606547267,25.2087380421102,-8.35742261261651
"942",2019-11-28,33.5837604932808,28.4816389987414,-5.1021214945394
"943",2019-11-29,33.6478425225504,27.9599078788421,-5.68793464370837
"944",2019-11-30,33.5238430731868,27.0359152485347,-6.4879278246521
"945",2019-12-01,33.6327038602106,28.7906420286519,-4.84206183155863
"946",2019-12-02,33.5637471929575,28.1337906663598,-5.42995652659777
"947",2019-12-03,33.639547264253,30.192687413051,-3.44685985120205
"948",2019-12-04,32.7521531431691,35.2172724200069,2.46511927683782
"949",2019-12-05,32.7604276141228,33.5174906264064,0.757063012283545
"950",2019-12-06,32.7704468825453,35.4104913762939,2.64004449374859
"951",2019-12-07,32.6433522693892,36.3920520661904,3.74869979680116
"952",2019-12-08,32.6216585252085,36.9054879008951,4.28382937568658
"953",2019-12-09,32.5521904930309,36.4378488688235,3.88565837579262
"954",2019-12-10,32.6956682878499,36.0916209593176,3.39595267146769
"955",2019-12-11,32.7890283746957,34.4946912825722,1.70566290787651
"956",2019-12-12,32.8688389142782,36.0519159799665,3.18307706568825
"957",2019-12-13,32.8072241915196,37.6485627015691,4.84133851004955
"958",2019-12-14,32.7853193475822,37.3990776854436,4.61375833786145
"959",2019-12-15,32.6926889648093,37.3383514706081,4.64566250579884
"960",2019-12-16,26.9742208348041,39.0136833529595,12.0394625181553
"961",2019-12-17,27.2123459138058,37.3613886847227,10.1490427709169
"962",2019-12-18,27.7603003026465,35.2300775899449,7.4697772872984
"963",2019-12-19,27.8981475647315,33.7996713827493,5.9015238180178
"964",2019-12-20,27.7928332304853,32.5452976721294,4.75246444164405
"965",2019-12-21,27.8675447629769,31.269673858359,3.40212909538207
"966",2019-12-22,27.8095465997201,28.9008999496903,1.09135334997015
"967",2019-12-23,24.2069955050273,28.8664279537151,4.6594324486878
"968",2019-12-24,24.2341217793959,28.0227137174179,3.78859193802192
"969",2019-12-25,25.1576697365296,26.4632966200244,1.30562688349479
"970",2019-12-26,25.218226735141,25.8934328904225,0.675206155281479
"971",2019-12-27,25.1747367683885,26.0979582591887,0.923221490800145
"972",2019-12-28,25.0938694643641,25.6965215984536,0.602652134089492
"973",2019-12-29,25.0823328858576,24.0063998705773,-1.07593301528028
"974",2019-12-30,17.1828528710395,22.7890878809311,5.60623500989165
"975",2019-12-31,17.3325667011082,21.9531608504566,4.62059414934848
"976",2020-01-01,21.2901862032282,21.5841079824201,0.293921779191905
"977",2020-01-02,21.1659705965875,23.3493793438265,2.18340874723896
"978",2020-01-03,21.1466112980244,22.6174289963204,1.47081769829598
"979",2020-01-04,21.1557144786069,21.7272346766147,0.571520198007846
"980",2020-01-05,21.0587342727551,23.2994559024856,2.2407216297305
"981",2020-01-06,20.9248968723502,22.1634994302867,1.2386025579365
"982",2020-01-07,20.956818966397,21.7448194758638,0.788000509466801
"983",2020-01-08,21.1118636871909,20.4908339177947,-0.621029769396184
"984",2020-01-09,21.1437502334186,19.6139672043711,-1.52978302904744
"985",2020-01-10,21.192068658379,20.0256498280214,-1.16641883035755
"986",2020-01-11,21.1204515506822,19.3203978417797,-1.80005370890245
"987",2020-01-12,21.0701387324345,19.6259660144373,-1.44417271799713
"988",2020-01-13,22.4795263266229,18.8702887332824,-3.60923759334058
"989",2020-01-14,22.6166381898884,18.9798656346198,-3.6367725552686
"990",2020-01-15,21.639271775881,18.9462763838502,-2.6929953920308
"991",2020-01-16,21.5974553304672,18.3105742731422,-3.28688105732503
"992",2020-01-17,21.7404210396103,17.8153283312908,-3.92509270831947
"993",2020-01-18,21.5926609858038,17.8581020647875,-3.7345589210163
"994",2020-01-19,21.6053586262636,17.0846538996045,-4.52070472665904
"995",2020-01-20,21.1488598440576,17.5242815876362,-3.62457825642141
"996",2020-01-21,21.3825880837521,17.4471390606253,-3.93544902312677
"997",2020-01-22,20.1744852652085,18.4345679357753,-1.73991732943324
"998",2020-01-23,20.2826514798534,19.5254025009132,-0.757248978940172
"999",2020-01-24,20.2146183843634,19.1457703008402,-1.06884808352326
"1000",2020-01-25,20.1770832747978,18.986908676773,-1.19017459802483
"1001",2020-01-26,20.1522805414233,18.4903559826311,-1.66192455879216
"1002",2020-01-27,20.5771761839828,17.6015275040206,-2.97564867996218
"1003",2020-01-28,20.6553255871612,16.535805303699,-4.11952028346222
"1004",2020-01-29,21.0858960976815,16.6497408794031,-4.43615521827844
"1005",2020-01-30,21.0951799443309,16.6673616090508,-4.42781833528004
"1006",2020-01-31,21.1497344045409,17.3435726803268,-3.80616172421415
"1007",2020-02-01,21.2272159753867,16.2896868659006,-4.93752910948612
"1008",2020-02-02,21.0524567901947,17.3937119166286,-3.65874487356611
"1009",2020-02-03,20.2637965904437,17.7422149632983,-2.52158162714547
"1010",2020-02-04,20.4319164782291,18.2948377662344,-2.13707871199467
"1011",2020-02-05,20.7770433614041,17.6976507449357,-3.0793926164684
"1012",2020-02-06,20.8216724350608,16.4530386853408,-4.36863374972003
"1013",2020-02-07,20.758435159249,17.1255955905135,-3.63283956873541
"1014",2020-02-08,20.7485026855003,18.0659479432725,-2.68255474222779
"1015",2020-02-09,20.7049769721519,17.6062721078107,-3.09870486434126
"1016",2020-02-10,21.9522731249438,17.6329703391858,-4.31930278575802
"1017",2020-02-11,22.0396727244499,16.921532712051,-5.11814001239891
"1018",2020-02-12,21.9007297471244,16.9206100950869,-4.98011965203757
"1019",2020-02-13,21.7643026330918,18.0837612874799,-3.68054134561187
"1020",2020-02-14,21.8062551264986,16.6370603844815,-5.16919474201705
"1021",2020-02-15,21.7253860141577,16.672495553723,-5.05289046043465
"1022",2020-02-16,21.6777896160368,15.9402959094252,-5.73749370661165
"1023",2020-02-17,20.0132040773673,15.8914722366712,-4.12173184069612
"1024",2020-02-18,20.0244607307637,15.1329544577375,-4.89150627302623
"1025",2020-02-19,20.7446340843025,19.1983181011185,-1.54631598318403
"1026",2020-02-20,20.7336143897497,18.518452653029,-2.21516173672072
"1027",2020-02-21,20.8721832595856,17.5481764407867,-3.32400681879888
"1028",2020-02-22,20.8259463667607,17.0827223255237,-3.74322404123697
"1029",2020-02-23,20.7343569167065,16.1785045394818,-4.55585237722466
"1030",2020-02-24,19.5287174593136,15.4082241763233,-4.12049328299033
"1031",2020-02-25,19.6501990569508,16.3411662422174,-3.30903281473337
"1032",2020-02-26,21.3943465328644,16.25547294284,-5.13887359002437
"1033",2020-02-27,21.4550986782152,15.4670351074128,-5.98806357080238
"1034",2020-02-28,21.438088711535,15.5888722988198,-5.84921641271515
"1035",2020-02-29,21.4383134034604,14.3417625149142,-7.0965508885462
"1036",2020-03-01,21.4756181048646,14.3904215137211,-7.08519659114351
"1037",2020-03-02,20.8534220168642,15.2639877926234,-5.58943422424077
"1038",2020-03-03,20.9292220881597,17.0100687692135,-3.91915331894615
"1039",2020-03-04,19.7764593430235,16.3372632676765,-3.43919607534702
"1040",2020-03-05,19.7747863415674,16.1374822062623,-3.63730413530502
"1041",2020-03-06,19.7848056099898,16.7944836297614,-2.99032198022844
"1042",2020-03-07,19.6577109968337,16.1389249393804,-3.51878605745328
"1043",2020-03-08,19.6360172526531,14.84781094423,-4.78820630842305
"1044",2020-03-09,17.8736145480148,15.0375860686916,-2.83602847932315
"1045",2020-03-10,18.0170923428338,14.4169791831963,-3.60011315963754
"1046",2020-03-11,20.7641386702022,13.7916208485406,-6.97251782166161
"1047",2020-03-12,20.8141067925551,13.5978911806573,-7.21621561189779
"1048",2020-03-13,20.7524920697965,13.0404598862047,-7.71203218359175
"1049",2020-03-14,20.7305872258591,14.1372230953084,-6.59336413055072
"1050",2020-03-15,20.6379568430862,14.5838452476837,-6.0541115954025
"1051",2020-03-16,23.9621699003801,14.761937627869,-9.20023227251112
"1052",2020-03-17,24.2002949793818,14.9945826176395,-9.20571236174235
"1053",2020-03-18,23.4214062479612,14.3246160082283,-9.09679023973288
"1054",2020-03-19,23.5443323014314,13.8850467275701,-9.65928557386136
"1055",2020-03-20,23.4390179671852,13.6630429893645,-9.77597497782077
"1056",2020-03-21,23.5137294996769,13.4035995502153,-10.1101299494616
"1057",2020-03-22,23.4557313364201,14.4249115861981,-9.03081975022199
"1058",2020-03-23,22.9127214181533,13.8557186593022,-9.05700275885106
"1059",2020-03-24,22.939847692522,13.6792611665581,-9.26058652596391
"1060",2020-03-25,23.5980270256034,14.1289202732334,-9.46910675237
"1061",2020-03-26,23.6834527052394,13.4994066513747,-10.1840460538647
"1062",2020-03-27,23.6399627384869,12.5626541192648,-11.0773086192222
"1063",2020-03-28,23.5590954344625,13.4608417897236,-10.0982536447389
"1064",2020-03-29,23.547558855956,13.3791744465457,-10.1683844094103
"1065",2020-03-30,23.2987506909256,14.260840490822,-9.03791020010352
"1066",2020-03-31,23.4484645209942,13.6623732515563,-9.78609126943797
"1067",2020-04-01,23.6909232863827,13.5357833914318,-10.1551398949509
"1068",2020-04-02,23.6214187779962,14.0001207201172,-9.62129805787893
"1069",2020-04-03,23.602059479433,13.2449110625079,-10.3571484169252
"1070",2020-04-04,23.6111626600155,13.9341181775072,-9.6770444825083
"1071",2020-04-05,23.5141824541637,13.4873887233066,-10.0267937308571
"1072",2020-04-06,24.1114389450798,13.3235976254421,-10.7878413196376
"1073",2020-04-07,24.1433610391265,13.6937098154068,-10.4496512237198
"1074",2020-04-08,23.7676685118159,14.7398130301742,-9.02785548164168
"1075",2020-04-09,23.8343712114781,15.0230279877603,-8.81134322371777
"1076",2020-04-10,23.8826896364385,14.7387857487395,-9.14390388769901
"1077",2020-04-11,23.8110725287417,14.7068828888403,-9.10418963990136
"1078",2020-04-12,23.760759710494,15.1487322577331,-8.61202745276088
"1079",2020-04-13,25.3197797247056,14.4760336771144,-10.8437460475912
"1080",2020-04-14,25.456891587971,14.1611509829453,-11.2957406050258
"1081",2020-04-15,25.8063682942249,13.7450589043097,-12.0613093899153
"1082",2020-04-16,25.8640265729097,15.2902541919649,-10.5737723809448
"1083",2020-04-17,26.0069922820527,14.8110338566077,-11.195958425445
"1084",2020-04-18,25.8592322282463,14.1541511480791,-11.7050810801672
"1085",2020-04-19,25.871929868706,14.6962190562327,-11.1757108124733
"1086",2020-04-20,23.4571620744568,15.3285215317341,-8.12864054272264
"1087",2020-04-21,23.6908903141512,15.7878398091954,-7.90305050495584
"1088",2020-04-22,25.6672109842348,16.4992126244598,-9.16799835977504
"1089",2020-04-23,25.690823683396,16.217675614503,-9.47314806889301
"1090",2020-04-24,25.622790587906,17.4226615653428,-8.20012902256328
"1091",2020-04-25,25.5852554783404,21.7176486401153,-3.86760683822505
"1092",2020-04-26,25.5604527449659,23.1522367489061,-2.40821599605977
"1093",2020-04-27,26.56283354208,23.3656578089936,-3.19717573308642
"1094",2020-04-28,26.6409829452584,22.6388051842741,-4.00217776098431
"1095",2020-04-29,26.275447583622,24.1845007695322,-2.09094681408975
"1096",2020-04-30,26.2101253871974,23.9977407079696,-2.21238467922781
"1097",2020-05-01,26.3946047819974,24.4387214513321,-1.9558833306653
"1098",2020-05-02,26.2316068672373,24.4268237352255,-1.80478313201178
"1099",2020-05-03,26.136628960898,25.4182778364075,-0.718351124490521
"1100",2020-05-04,26.0677399012031,26.6216156094949,0.553875708291795
"1101",2020-05-05,26.141537672986,27.1142863607353,0.972748687749231
"1102",2020-05-06,25.9873081745546,27.8491434518764,1.86183527732184
"1103",2020-05-07,25.9885231212066,26.0076119757263,0.0190888545197332
"1104",2020-05-08,26.0424479848021,25.7110030176682,-0.331444967133869
"1105",2020-05-09,26.0106835418857,25.6173227762548,-0.39336076563097
"1106",2020-05-10,25.98338335907,24.6519369541544,-1.3314464049156
"1107",2020-05-11,26.4575666195773,25.602181997822,-0.855384621755217
"1108",2020-05-12,26.5780317789644,25.2644074379963,-1.31362434096808
"1109",2020-05-13,26.8829055374564,23.8160548429566,-3.0668506944998
"1110",2020-05-14,26.9345991550729,23.4523704555201,-3.48222869955281
"1111",2020-05-15,26.9175873800761,24.0777808190784,-2.83980656099768
"1112",2020-05-16,26.8817522523873,22.8731583535522,-4.00859389883508
"1113",2020-05-17,26.9490993537542,21.935305685268,-5.01379366848616
"1114",2020-05-18,27.0321785071993,20.9644812304466,-6.06769727675274
"1115",2020-05-19,27.2156541252938,20.8321227320108,-6.383531393283
"1116",2020-05-20,29.3344086406641,20.51755291345,-8.81685572721414
"1117",2020-05-21,29.3185853399471,20.668148680374,-8.65043665957315
"1118",2020-05-22,29.3362057844665,21.0074967859441,-8.32870899852243
"1119",2020-05-23,29.2563776048442,21.4780970430685,-7.7782805617757
"1120",2020-05-24,29.1127259015781,20.8206492796231,-8.29207662195505
"1121",2020-05-25,33.2849183944863,20.9157973372532,-12.3691210572331
"1122",2020-05-26,33.4308936387466,23.5505335502729,-9.8803600884737
"1123",2020-05-27,36.6729470178197,23.0064908662511,-13.6664561515686
"1124",2020-05-28,36.8248377339067,23.396371596951,-13.4284661369557
"1125",2020-05-29,36.8889197631764,22.5302618691949,-14.3586578939814
"1126",2020-05-30,36.7649203138128,22.5054409196593,-14.2594793941534
"1127",2020-05-31,36.7438561662466,23.7482056460866,-12.99565052016
"1128",2020-06-01,35.9532061044792,23.9979491943997,-11.9552569100795
"1129",2020-06-02,35.9492248969219,24.6165132588477,-11.3327116380742
"1130",2020-06-03,36.2963540796095,23.6967921981399,-12.5995618814696
"1131",2020-06-04,36.4835041820493,23.3986488222887,-13.0848553597606
"1132",2020-06-05,36.4621425839736,25.2131569165056,-11.248985667468
"1133",2020-06-06,36.4083045150519,24.7601043631852,-11.6482001518667
"1134",2020-06-07,36.2694486314638,25.8048960141303,-10.4645526173335
"1135",2020-06-08,38.4913840263649,25.5109043329999,-12.980479693365
"1136",2020-06-09,38.6186362906514,25.1388319863599,-13.4798043042915
"1137",2020-06-10,37.1758628284967,26.1805254274511,-10.9953374010455
"1138",2020-06-11,37.1927653909685,27.382883393255,-9.80988199771347
"1139",2020-06-12,37.218071180497,26.9970527217946,-10.2210184587023
"1140",2020-06-13,37.0925991203942,26.2444885040511,-10.8481106163431
"1141",2020-06-14,37.0589330060248,30.216129423727,-6.84280358229779
"1142",2020-06-15,33.8540878985282,31.0084390698288,-2.8456488286994
"1143",2020-06-16,33.9772694780422,31.7325639442425,-2.24470553379965
"1144",2020-06-17,35.0174609165404,33.1123588287031,-1.90510208783729
"1145",2020-06-18,34.9582205329027,33.2545701224069,-1.70365041049578
"1146",2020-06-19,35.0465367811385,34.3110045126143,-0.735532268524224
"1147",2020-06-20,34.8773651095482,34.1037241516052,-0.77364095794298
"1148",2020-06-21,34.9403153716078,33.5146262194768,-1.42568915213106
"1149",2020-06-22,33.9234774978387,34.9406561219186,1.01717862407995
"1150",2020-06-23,34.0026660254193,33.7342036321651,-0.268462393254119
"1151",2020-06-24,35.6279645314412,32.1442673415919,-3.4836971898493
"1152",2020-06-25,35.7038177730689,32.0823259542646,-3.62149181880429
"1153",2020-06-26,35.7546336474705,32.0301398779234,-3.72449376954712
"1154",2020-06-27,35.6472863433739,32.5957286876895,-3.05155765568434
"1155",2020-06-28,35.5546577689175,32.1272703926744,-3.42738737624309
"1156",2020-06-29,33.5493360033947,32.1346887612604,-1.41464724213422
"1157",2020-06-30,33.5843532612339,31.8583136603596,-1.72603960087426
"1158",2020-07-01,35.727532881598,32.0448485675308,-3.68268431406715
"1159",2020-07-02,35.6630021094164,33.0884606821284,-2.57454142728805
"1160",2020-07-03,35.6436428108533,32.8565838275581,-2.78705898329518
"1161",2020-07-04,35.6527459914358,32.3856571213535,-3.26708887008233
"1162",2020-07-05,35.555765785584,32.8500045516452,-2.70576123393877
"1163",2020-07-06,37.7791067422971,34.7556041875136,-3.02350255478356
"1164",2020-07-07,37.8110288363439,34.8479558525125,-2.96307298383141
"1165",2020-07-08,38.7621794292946,35.5977193843115,-3.16446004498308
"1166",2020-07-09,38.8189346565469,43.2411018335666,4.4221671770197
"1167",2020-07-10,38.8672530815073,41.9114136868812,3.04416060537396
"1168",2020-07-11,38.7956359738105,39.9537005919308,1.15806461812029
"1169",2020-07-12,38.7453231555628,39.9414045445763,1.19608138901353
"1170",2020-07-13,44.8140626693218,40.4060921810102,-4.40797048831158
"1171",2020-07-14,44.9511745325872,43.6424048065294,-1.3087697260578
"1172",2020-07-15,42.3815963742663,43.295012422007,0.913416047740782
"1173",2020-07-16,42.434280916746,44.8234114282465,2.38913051150043
"1174",2020-07-17,42.5772466258891,43.7127385139868,1.13549188809765
"1175",2020-07-18,42.4294865720827,43.7685194328678,1.33903286078515
"1176",2020-07-19,42.4421842125424,43.3742378782384,0.932053665695982
"1177",2020-07-20,42.1018891226973,42.5970988479793,0.495209725282031
"1178",2020-07-21,42.3356173623918,45.398930940141,3.06331357774923
"1179",2020-07-22,42.4543576641095,44.6422164649297,2.1878588008202
"1180",2020-07-23,42.4232592650165,44.6564391477353,2.2331798827188
"1181",2020-07-24,42.3552261695266,44.5927240159165,2.23749784638994
"1182",2020-07-25,42.3176910599609,43.1461060946432,0.828415034682287
"1183",2020-07-26,42.2928883265864,42.3432176070717,0.0503292804853359
"1184",2020-07-27,42.2165604522388,42.360560198506,0.143999746267198
"1185",2020-07-28,42.2947098554172,43.6933153826255,1.39860552720832
"1186",2020-07-29,42.7252803659375,45.1370501520155,2.41176978607799
"1187",2020-07-30,42.6052470712588,44.0268861398542,1.42163906859543
"1188",2020-07-31,42.6598015314689,46.6983352486659,4.03853371719705
"1189",2020-08-01,42.7372831023147,45.7168684287726,2.97958532645796
"1190",2020-08-02,42.5625239171226,44.9571189544708,2.3945950373482
"1191",2020-08-03,42.5204987531001,46.1221494381132,3.60165068501308
"1192",2020-08-04,42.6886186408854,51.2779774830641,8.58935884217869
"1193",2020-08-05,41.9722710278514,52.770939284419,10.7986682565676
"1194",2020-08-06,42.0517162549426,51.2148641416655,9.16314788672286
"1195",2020-08-07,41.9884789791307,50.3640750103322,8.3755960312015
"1196",2020-08-08,41.978546505382,48.5877490095057,6.60920250412362
"1197",2020-08-09,41.9350207920337,47.7959290887452,5.86090829671149
"1198",2020-08-10,40.4106808495643,51.8978547616456,11.4871739120813
"1199",2020-08-11,40.4980804490703,50.6564263807139,10.1583459316437
"1200",2020-08-12,39.2976629755358,49.4959122702568,10.198249294721
"1201",2020-08-13,39.3502378372903,48.1514392886363,8.80120145134596
"1202",2020-08-14,39.3921903306971,48.3329241455454,8.94073381484828
"1203",2020-08-15,39.3113212183562,48.5246902139018,9.21336899554557
"1204",2020-08-16,39.2637248202354,48.9355149967896,9.67179017655427
"1205",2020-08-17,41.6231619112913,48.1614737970465,6.53831188575514
"1206",2020-08-18,41.6344185646877,47.0325558932827,5.39813732859501
"1207",2020-08-19,41.2931174220175,46.8763514218201,5.58323399980262
"1208",2020-08-20,41.1925704757761,48.7014433080745,7.50887283229844
"1209",2020-08-21,41.3311393456119,48.8493278434286,7.51818849781664
"1210",2020-08-22,41.2849024527871,48.7941816159543,7.50927916316719
"1211",2020-08-23,41.1933130027329,47.4338470866779,6.24053408394506
"1212",2020-08-24,41.3407226277575,49.9063393197437,8.56561669198616
"1213",2020-08-25,41.4622042253947,48.7658321741642,7.30362794876948
"1214",2020-08-26,40.2872968367335,48.9677656002311,8.68046876349759
"1215",2020-08-27,40.1789419511168,47.9815443522126,7.80260240109574
"1216",2020-08-28,40.1619319844366,47.3670208040356,7.20508881959898
"1217",2020-08-29,40.1621566763621,47.2592591397127,7.09710246335067
"1218",2020-08-30,40.0263959565665,45.9257184085357,5.89932245196925
"1219",2020-08-31,41.0936657886534,48.1452609358529,7.05159514719951
"1220",2020-09-01,41.330164066702,47.6872400609846,6.35707599428262
"1221",2020-09-02,42.1282492186413,46.3186608561059,4.19041163746457
"1222",2020-09-03,42.2628693942307,44.8035679876174,2.54069859338674
"1223",2020-09-04,42.3358299121574,43.772082548608,1.43625263645063
"1224",2020-09-05,42.2506109767375,43.2095159447194,0.958904967981866
"1225",2020-09-06,42.1850116373838,44.5823546691418,2.39734303175803
"1226",2020-09-07,38.1397520593629,43.7165662956105,5.57681423624754
"1227",2020-09-08,38.2888362928171,46.5256409919616,8.23680469914456
"1228",2020-09-09,36.033731427973,44.9083897126047,8.87465828463175
"1229",2020-09-10,36.1663970202169,43.3301185355963,7.1637215153794
"1230",2020-09-11,36.1586372498643,42.9693090527486,6.81067180288431
"1231",2020-09-12,36.1200857020486,42.2037643285287,6.08367862648015
"1232",2020-09-13,35.9828523715138,45.0618631822464,9.07901081073264
"1233",2020-09-14,34.0213064944968,43.3881141276667,9.36680763316988
"1234",2020-09-15,34.0994540893588,42.0442649974534,7.94481090809462
"1235",2020-09-16,32.3710157878467,42.1471237976571,9.77610800981047
"1236",2020-09-17,32.5436175660191,43.1369538938446,10.5933363278254
"1237",2020-09-18,32.4597148495569,42.147597582337,9.6878827327801
"1238",2020-09-19,32.4841737604486,41.76298977575,9.27881601530145
"1239",2020-09-20,32.3032408184262,39.11075059369,6.8075097752638
"1240",2020-09-21,32.9372586260229,38.8682905461948,5.93103192017197
"1241",2020-09-22,33.0500384404009,37.3772273024993,4.32718886209837
"1242",2020-09-23,32.8698188312689,37.6878491182993,4.81803028703037
"1243",2020-09-24,32.8363955410133,38.2528211888354,5.41642564782207
"1244",2020-09-25,32.8627177687918,37.9949954937285,5.1322777249367
"1245",2020-09-26,32.8496763058493,37.9593958542303,5.10971954838094
"1246",2020-09-27,32.7305677313207,36.1714441858918,3.44087645457115
"1247",2020-09-28,29.5984310165551,34.4529286510205,4.85449763446536
"1248",2020-09-29,29.7576724156834,32.9502943589388,3.19262194325542
"1249",2020-09-30,30.0640187849146,31.4678708102237,1.40385202530912
"1250",2020-10-01,30.273160512539,30.3736411454058,0.100480632866823
"1251",2020-10-02,30.1740199351231,28.9757498537734,-1.19827008134975
"1252",2020-10-03,30.0908032992158,29.0656898654715,-1.02511343374428
"1253",2020-10-04,30.0881452093663,30.4884346762338,0.400289466867459
"1254",2020-10-05,31.1621115227063,29.8101599021351,-1.35195162057123
"1255",2020-10-06,31.2672901609874,31.0277471099643,-0.239543051023134
"1256",2020-10-07,31.8359099904784,30.1703273411671,-1.66558264931129
"1257",2020-10-08,31.9194709231033,30.2703011538738,-1.64916976922957
"1258",2020-10-09,31.9515638175312,29.9318770615639,-2.0196867559673
"1259",2020-10-10,31.9360249051474,29.7141268966388,-2.22189800850863
"1260",2020-10-11,31.8526465270186,32.6401967449077,0.787550217889034
"1261",2020-10-12,29.6420393127405,31.492981005315,1.85094169257453
"1262",2020-10-13,29.6755839598405,31.7487425248898,2.07315856504931
"1263",2020-10-14,28.2264445661321,33.0440431228987,4.81759855676652
"1264",2020-10-15,28.2689112773944,31.7893196730668,3.52040839567241
"1265",2020-10-16,28.2969334870497,32.8469740992214,4.55004061217176
"1266",2020-10-17,28.3760418588485,33.9256161712837,5.54957431243517
"1267",2020-10-18,28.2165205346102,34.036366877581,5.81984634297087
"1268",2020-10-19,32.2776700145884,34.5662575273745,2.28858751278612
"1269",2020-10-20,32.2675150502009,33.7033569251846,1.4358418749837
"1270",2020-10-21,31.4457292810261,33.7326883711698,2.28695909014376
"1271",2020-10-22,31.5128807393945,33.3764733014762,1.86359256208172
"1272",2020-10-23,31.4969098971165,32.2007554373581,0.703845540241677
"1273",2020-10-24,31.3650194642823,30.7262950023695,-0.638724461912808
"1274",2020-10-25,31.3157230842847,34.8377914021799,3.52206831789526
"1275",2020-10-26,26.6575760043815,34.4859680900055,7.82839208562407
"1276",2020-10-27,26.7092454074876,33.2790906428051,6.56984523531746
"1277",2020-10-28,25.7318808017967,34.0527633913807,8.32088258958395
"1278",2020-10-29,25.8504675811204,34.6661423200702,8.81567473894982
"1279",2020-10-30,25.790325469101,33.2904509344646,7.50012546536365
"1280",2020-10-31,25.7810225919668,33.1056148597075,7.32459226774062
"1281",2020-11-01,25.8467428923807,32.8859656709309,7.03922277855017
"1282",2020-11-02,27.9095867946986,31.6894884172564,3.77990162255779
"1283",2020-11-03,27.9853868659941,30.3599293438759,2.37454247788179
"1284",2020-11-04,26.5672554968056,32.1271349963658,5.55987949956019
"1285",2020-11-05,26.5655824953495,32.6153641966566,6.04978170130704
"1286",2020-11-06,26.575601763772,31.114935060924,4.53933329715207
"1287",2020-11-07,26.4485071506159,30.6249402560501,4.17643310543423
"1288",2020-11-08,26.4268134064352,31.0773450355661,4.65053162913088
"1289",2020-11-09,27.9228790206355,31.8791574327208,3.95627841208531
"1290",2020-11-10,28.0663568154546,31.7080248381031,3.6416680226486
"1291",2020-11-11,28.9558227744571,31.0209828510549,2.06516007659779
"1292",2020-11-12,29.0555282588593,29.8617042229705,0.806175964111219
"1293",2020-11-13,28.9939135361007,28.1071678851329,-0.8867456509678
"1294",2020-11-14,28.9720086921632,33.5793944543222,4.60738576215899
"1295",2020-11-15,28.8793783093904,33.2266428979765,4.3472645885861
